Date,Stock,Open,High,Low,Close,Volume,Market_Status
01-01-2023,AAPL,178.17,179.76,176.19,177.51,4697739,Corrupt$
02-01-2023,AAPL,176.76,178.46,175.89,176.66,2436513,Err#404
03-01-2023,AAPL,177.33,179.08,176.06,177.55,3805742,Missing!
04-01-2023,AAPL,176.38,178.36,174.52,176.33,1970851,??Unknown??
05-01-2023,AAPL,174.92,176.61,173.24,174.58,1212917,Corrupt$
06-01-2023,AAPL,174.25,175.65,173.02,174.88,3435973,Missing!
07-01-2023,AAPL,178.35,179.36,176.43,177.71,3436598,Corrupt$
08-01-2023,AAPL,176.29,177.61,175.71,175.59,4986745,<NULL>
09-01-2023,AAPL,181.73,182.29,179.83,182.41,3157179,<NULL>
10-01-2023,AAPL,173.98,175.59,173.4,173.48,1951511,Corrupt$
11-01-2023,AAPL,174.28,175.45,172.96,174.42,3200993,Valid
12-01-2023,AAPL,177.48,178.01,175.64,,4702618,Valid
13-01-2023,AAPL,175.32,175.92,174.43,175.31,1118119,Corrupt$
14-01-2023,AAPL,173.58,174.66,172.37,172.91,4507324,Valid
15-01-2023,AAPL,177.4,178.78,176.42,176.76,4015530,??Unknown??
16-01-2023,AAPL,175.52,176.71,173.59,174.7,3419697,Err#404
17-01-2023,AAPL,179.48,180.91,177.74,180.32,1141462,Missing!
18-01-2023,AAPL,176.21,177.43,174.64,176.38,2827089,<NULL>
19-01-2023,AAPL,174.3,175.8,172.92,175.22,1044653,??Unknown??
20-01-2023,AAPL,175.91,176.74,174.18,176.93,4995477,Err#404
21-01-2023,AAPL,175.86,176.53,174.77,175.4,893186,Valid
22-01-2023,AAPL,173.73,175.12,172.56,174.61,4255490,Missing!
23-01-2023,AAPL,174.94,176.17,173.35,174.93,3804299,??Unknown??
24-01-2023,AAPL,172.01,172.55,170.97,,1262790,N/A
25-01-2023,AAPL,173,174.07,172.4,174.25,2250093,<NULL>
26-01-2023,AAPL,174.41,175.07,173.79,174.96,1720682,Corrupt$
27-01-2023,AAPL,173.92,175.21,173.24,173.56,3395018,<NULL>
28-01-2023,AAPL,173.91,175.01,172.11,174.4,1107317,Err#404
29-01-2023,AAPL,174.26,175.68,173.05,172.99,2600923,Err#404
30-01-2023,AAPL,173.94,175.65,172.37,174.19,2193675,N/A
31-01-2023,AAPL,175.13,176.08,174.04,173.63,1474303,N/A
01-02-2023,AAPL,174.2,176.14,173.31,173.22,4494417,Corrupt$
02-02-2023,AAPL,179.4,180.7,178.38,179.99,820580,Valid
03-02-2023,AAPL,178.53,179.96,176.84,175.86,3753507,<NULL>
04-02-2023,AAPL,179.59,181.12,178.16,181.4,3376237,??Unknown??
05-02-2023,AAPL,178.99,180.49,177.09,179.83,4131047,??Unknown??
06-02-2023,AAPL,184.41,185.68,182.89,182.58,1536658,??Unknown??
07-02-2023,AAPL,180.53,181.68,179.18,182.93,980674,Valid
08-02-2023,AAPL,182.45,183.03,181.03,185.12,893056,<NULL>
09-02-2023,AAPL,181.22,181.75,179.31,181.04,4783335,<NULL>
10-02-2023,AAPL,175.05,176.08,173.36,174.12,4112914,Corrupt$
11-02-2023,AAPL,178.77,179.77,178.24,180.46,683024,??Unknown??
12-02-2023,AAPL,184.06,185.14,182.76,183.72,1576048,Err#404
13-02-2023,AAPL,180.25,180.96,178.72,180.41,2657098,Err#404
14-02-2023,AAPL,179.75,181.36,178.13,180.97,1444353,Err#404
15-02-2023,AAPL,176.44,178.23,175.62,176.29,3909413,N/A
16-02-2023,AAPL,181.46,183.37,179.66,181.22,1551341,N/A
17-02-2023,AAPL,184.68,185.92,182.74,183.4,4999522,Valid
18-02-2023,AAPL,187.54,189.09,186.68,186.91,4330371,??Unknown??
19-02-2023,AAPL,180.7,182.48,178.87,180.44,2323980,N/A
20-02-2023,AAPL,176.75,177.87,176.1,175.51,2466849,Err#404
21-02-2023,AAPL,177.21,178.17,176.62,176.06,2221742,N/A
22-02-2023,AAPL,178.96,180.86,178.26,178.99,3795453,<NULL>
23-02-2023,AAPL,182.51,183.78,181.92,180.66,4125613,Err#404
24-02-2023,AAPL,184.18,185.43,182.41,183.3,2636491,??Unknown??
25-02-2023,AAPL,182.99,183.76,182.4,184.93,4064701,<NULL>
26-02-2023,AAPL,188.57,189.23,187.66,188.23,804543,Valid
27-02-2023,AAPL,182.64,184.41,181.99,182.17,4476173,Corrupt$
28-02-2023,AAPL,183.01,184.43,182.07,182.66,3612261,Corrupt$
01-03-2023,AAPL,182.76,183.74,182.12,182.42,1956498,<NULL>
02-03-2023,AAPL,183.94,184.73,182.44,184.51,4197925,Err#404
03-03-2023,AAPL,183.75,185.09,183.05,,4668986,N/A
04-03-2023,AAPL,190.54,191.91,188.76,190.15,3591287,N/A
05-03-2023,AAPL,192.16,192.97,190.43,191.94,1212932,Err#404
06-03-2023,AAPL,193.54,195.31,193.02,,1481271,??Unknown??
07-03-2023,AAPL,193.98,194.61,192.14,192.47,1492206,<NULL>
08-03-2023,AAPL,195.96,197,195.42,195.91,2738154,Err#404
09-03-2023,AAPL,199.31,200.83,198.45,199.44,503285,??Unknown??
10-03-2023,AAPL,198.83,199.74,198.28,198.05,3157303,Valid
11-03-2023,AAPL,197.28,199.02,196.28,197.17,3533361,Valid
12-03-2023,AAPL,191.38,192.99,190.11,190.47,2204491,<NULL>
13-03-2023,AAPL,194.79,196.47,193.1,195.43,1881688,Err#404
14-03-2023,AAPL,190.69,191.36,189.68,189.35,1602491,Valid
15-03-2023,AAPL,190.93,191.64,189.37,191.99,1165979,N/A
16-03-2023,AAPL,194.99,195.92,194.21,194.92,1284278,??Unknown??
17-03-2023,AAPL,188.46,189.74,186.84,188.01,1007553,Corrupt$
18-03-2023,AAPL,195.78,197.4,194.93,194.78,1476778,Corrupt$
19-03-2023,AAPL,195.43,197.18,194.71,196.46,4584457,Valid
20-03-2023,AAPL,192.24,193.8,191.47,191.59,2970562,??Unknown??
21-03-2023,AAPL,192.67,194.57,191.9,191.51,3038076,N/A
22-03-2023,AAPL,197.07,198.68,195.8,198.12,4298057,Corrupt$
23-03-2023,AAPL,197.05,198.01,195.28,,3698747,N/A
24-03-2023,AAPL,198.79,199.69,198.17,198.7,2402871,N/A
25-03-2023,AAPL,198.63,200.18,197.07,199.45,1122215,Corrupt$
26-03-2023,AAPL,203.6,204.38,202.11,203.75,2311049,Corrupt$
27-03-2023,AAPL,201.94,202.58,200.13,203.67,846229,Valid
28-03-2023,AAPL,200.28,201.58,199.42,199.45,1666572,<NULL>
29-03-2023,AAPL,201.52,203.25,200.35,201.31,2989799,??Unknown??
30-03-2023,AAPL,199.92,200.58,198.03,199.79,579971,Err#404
31-03-2023,AAPL,197.78,199.46,196.29,198.4,2373200,??Unknown??
01-04-2023,AAPL,199.31,201.03,198.22,200.6,2066049,Err#404
02-04-2023,AAPL,202.11,203.34,201.42,202.19,3349095,Corrupt$
03-04-2023,AAPL,199.8,200.39,198.91,199.66,1815502,N/A
04-04-2023,AAPL,204.42,205.18,203.05,202.94,4880088,??Unknown??
05-04-2023,AAPL,202.6,204.16,201.02,202.71,1699110,N/A
06-04-2023,AAPL,203.15,204.72,202.47,202.5,1346462,??Unknown??
07-04-2023,AAPL,201.13,202.98,199.73,201.75,1223879,<NULL>
08-04-2023,AAPL,202.5,203.87,201.17,202.09,4488571,Missing!
09-04-2023,AAPL,202.51,203.19,201.24,202.27,3832006,??Unknown??
10-04-2023,AAPL,202.23,202.91,200.7,,2119814,N/A
11-04-2023,AAPL,199.78,201.36,198.03,197.97,1944315,Missing!
12-04-2023,AAPL,201.59,202.36,200.6,203.45,2002718,Valid
13-04-2023,AAPL,202.88,203.88,201.05,203.01,3328340,<NULL>
14-04-2023,AAPL,200.93,202.16,200.19,201.34,1694737,Corrupt$
15-04-2023,AAPL,199.2,199.74,198.44,198.29,4043525,Valid
16-04-2023,AAPL,199.37,200.25,198.47,200.25,898825,Valid
17-04-2023,AAPL,202.92,204.03,202.24,203.61,2385190,??Unknown??
18-04-2023,AAPL,202.46,203.38,201.62,201.66,730596,Corrupt$
19-04-2023,AAPL,207.41,208.11,206.75,206.35,3379198,<NULL>
20-04-2023,AAPL,203.55,205.15,201.82,202.82,4622990,Missing!
21-04-2023,AAPL,203.28,205,202.58,203.26,4605810,??Unknown??
22-04-2023,AAPL,204.91,205.79,203.29,205.07,3242651,Err#404
23-04-2023,AAPL,202.51,204.17,201.94,202.55,1933482,??Unknown??
24-04-2023,AAPL,204.79,205.87,202.87,206.09,794358,Missing!
25-04-2023,AAPL,206.92,208.18,205.36,206.21,3373798,N/A
26-04-2023,AAPL,199.93,201.71,199.42,198.84,2082369,<NULL>
27-04-2023,AAPL,202.75,204.37,201.1,202.75,3486386,<NULL>
28-04-2023,AAPL,203.17,204.88,201.9,201.48,1681753,??Unknown??
29-04-2023,AAPL,203.94,204.65,202.27,204.64,1747752,Err#404
30-04-2023,AAPL,198.93,199.54,197.65,,3814479,??Unknown??
01-05-2023,AAPL,197.17,199.01,195.71,196.84,616908,Missing!
02-05-2023,AAPL,199.96,201.04,198.28,199.56,2843145,<NULL>
03-05-2023,AAPL,195.2,196.14,194.1,196.11,3875896,Err#404
04-05-2023,AAPL,205.23,206.82,204.73,206.11,1351563,Corrupt$
05-05-2023,AAPL,202.12,203.87,200.34,201.87,1350712,Missing!
06-05-2023,AAPL,203.67,205.47,202.6,204.27,4447922,<NULL>
07-05-2023,AAPL,199.2,200.17,197.96,200.06,1141142,??Unknown??
08-05-2023,AAPL,199.95,201.73,199.44,200.28,737902,<NULL>
09-05-2023,AAPL,197.25,197.81,196.01,197.05,2660231,Err#404
10-05-2023,AAPL,203.23,203.81,201.25,203.61,2094441,Missing!
11-05-2023,AAPL,202.24,203.68,201.33,201.2,982450,Corrupt$
12-05-2023,AAPL,200.85,201.44,199.76,200.92,2398238,N/A
13-05-2023,AAPL,202.36,203.34,200.83,202.12,2019598,Valid
14-05-2023,AAPL,197.17,198.68,195.45,196.78,2709485,Err#404
15-05-2023,AAPL,201.65,202.65,200.52,199.92,3159232,N/A
16-05-2023,AAPL,205.42,206.19,204.45,204.39,545807,Corrupt$
17-05-2023,AAPL,203.82,204.74,201.91,203.33,1935986,N/A
18-05-2023,AAPL,205.6,206.78,204.08,206.49,1160501,??Unknown??
19-05-2023,AAPL,203.22,204.44,202.55,203.51,2058274,Valid
20-05-2023,AAPL,201.92,203.6,201.32,202.86,1147272,Err#404
21-05-2023,AAPL,198.88,200.51,197.66,200.13,3684074,Missing!
22-05-2023,AAPL,196.31,197.5,195.48,196.64,3438287,<NULL>
23-05-2023,AAPL,199.77,201.54,198.89,199.91,4264993,Corrupt$
24-05-2023,AAPL,194.52,195.19,192.7,,809963,Valid
25-05-2023,AAPL,200.08,200.96,199.44,202.06,4591701,Corrupt$
26-05-2023,AAPL,198.04,199.78,196.46,196.62,1683493,<NULL>
27-05-2023,AAPL,200.2,201.26,199.29,200.32,1923271,N/A
28-05-2023,AAPL,197.9,199.87,196.26,198.73,2207229,Corrupt$
29-05-2023,AAPL,198.82,200.02,197.24,199.67,4550177,Corrupt$
30-05-2023,AAPL,194.73,196.42,194.22,,3240936,N/A
31-05-2023,AAPL,197.63,198.73,196.36,197.21,2051726,N/A
01-06-2023,AAPL,196.3,197.44,195.59,195.5,3006976,<NULL>
02-06-2023,AAPL,194.6,195.67,192.8,192.62,4891649,Valid
03-06-2023,AAPL,193.54,195.12,191.73,193.67,3400203,Err#404
04-06-2023,AAPL,192.98,194.3,191.85,192.26,2150870,N/A
05-06-2023,AAPL,197.25,199.16,196.08,198.75,4120597,Valid
06-06-2023,AAPL,199.93,200.81,198.98,200.55,1308062,<NULL>
07-06-2023,AAPL,192.74,193.39,191.16,192.78,3489159,Corrupt$
08-06-2023,AAPL,192.3,193.39,191.26,191.83,1167538,Corrupt$
09-06-2023,AAPL,196.43,197.86,195.53,196.55,2513338,Missing!
10-06-2023,AAPL,193.76,195.56,192.62,193.51,3578378,??Unknown??
11-06-2023,AAPL,194.48,195.5,193.84,194.55,2562624,N/A
12-06-2023,AAPL,194.29,195.77,192.67,,2447175,<NULL>
13-06-2023,AAPL,194.27,195.3,193.75,193.21,4761663,Valid
14-06-2023,AAPL,194.25,195.68,192.78,194.08,2800612,Missing!
15-06-2023,AAPL,195.61,197.44,194.84,196.32,4510768,Valid
16-06-2023,AAPL,193.68,194.53,192.84,193.28,2542749,Err#404
17-06-2023,AAPL,189.44,190.55,187.99,191.02,1825831,Missing!
18-06-2023,AAPL,195.82,197.81,193.83,196.5,4980609,<NULL>
19-06-2023,AAPL,197.68,199.49,196.02,196.96,1405352,Valid
20-06-2023,AAPL,189.48,190.83,188.65,189.69,1391255,N/A
21-06-2023,AAPL,192.61,193.88,191.85,191.9,2460022,Valid
22-06-2023,AAPL,197.11,198.03,195.31,196.31,3776194,??Unknown??
23-06-2023,AAPL,197.59,198.86,196.42,197.45,2778598,Corrupt$
24-06-2023,AAPL,194.76,196.53,194.05,196.02,2381397,Corrupt$
25-06-2023,AAPL,192.79,194.32,191,193.54,4411251,Missing!
26-06-2023,AAPL,198.17,199.1,196.44,198.14,2180664,Valid
27-06-2023,AAPL,195.65,196.45,193.67,196.43,4046434,Valid
28-06-2023,AAPL,196.43,197.32,194.56,196.69,2978843,Valid
29-06-2023,AAPL,196.78,197.54,195,,1262557,Valid
30-06-2023,AAPL,196.59,197.23,196.01,196.44,4730061,??Unknown??
01-07-2023,AAPL,198.44,199.57,197.79,198.37,3219713,N/A
02-07-2023,AAPL,197.21,197.88,195.86,197.97,4646477,??Unknown??
03-07-2023,AAPL,193,193.76,191.7,192.44,1082933,<NULL>
04-07-2023,AAPL,198.23,199.55,197.04,,821199,<NULL>
05-07-2023,AAPL,194.82,195.56,193.72,194.77,1426502,??Unknown??
06-07-2023,AAPL,192.11,192.71,190.96,191.47,4329994,??Unknown??
07-07-2023,AAPL,194.9,195.87,193.54,194.57,1911746,Corrupt$
08-07-2023,AAPL,197.74,198.57,197.24,197.66,2929488,<NULL>
09-07-2023,AAPL,192.59,193.86,191.7,192.21,529092,??Unknown??
10-07-2023,AAPL,197.93,198.58,196.65,198.89,1157191,Valid
11-07-2023,AAPL,197.77,199.4,196.19,199.18,2887807,??Unknown??
12-07-2023,AAPL,201,202.86,200.24,201.86,1383435,Valid
13-07-2023,AAPL,198.16,199.77,196.84,196.39,4581534,Missing!
14-07-2023,AAPL,196.37,197.67,194.8,195.73,2390576,<NULL>
15-07-2023,AAPL,198.37,200.16,197.2,198.19,4009934,N/A
16-07-2023,AAPL,196.19,197.73,195.65,,3959379,Corrupt$
17-07-2023,AAPL,195.68,196.2,194.51,194.81,707580,N/A
18-07-2023,AAPL,200.11,201.2,199.17,199.92,1269032,Missing!
19-07-2023,AAPL,195.04,196.82,193.14,194.59,2172992,N/A
20-07-2023,AAPL,191.63,192.65,190.94,,4272380,Corrupt$
21-07-2023,AAPL,199.09,199.64,197.61,197.71,4858548,Valid
22-07-2023,AAPL,196.37,197.99,195.79,195.91,976857,Missing!
23-07-2023,AAPL,198.07,199.77,196.9,198.22,2160100,Missing!
24-07-2023,AAPL,198.7,199.44,197.37,198.71,511017,Valid
25-07-2023,AAPL,197.01,198.31,196.06,,4431895,Valid
26-07-2023,AAPL,198.63,199.42,197.45,199.02,3600786,Corrupt$
27-07-2023,AAPL,196.27,197.85,195.52,195.86,3151788,<NULL>
28-07-2023,AAPL,200.67,201.58,199.72,200.79,4055392,??Unknown??
29-07-2023,AAPL,198.32,199.29,196.89,197.52,2868787,<NULL>
30-07-2023,AAPL,200.35,202.11,199.39,200.08,709720,Err#404
31-07-2023,AAPL,199.5,200.72,197.65,198.45,2718222,??Unknown??
01-08-2023,AAPL,199.74,201.24,198.3,200.81,4490919,<NULL>
02-08-2023,AAPL,201.7,202.8,200.54,201.43,3515624,??Unknown??
03-08-2023,AAPL,199.16,200.1,198.6,200.22,4637192,N/A
04-08-2023,AAPL,197.56,199,196.31,197.87,2632162,Err#404
05-08-2023,AAPL,199.95,200.68,198.31,199.07,4617386,Valid
06-08-2023,AAPL,198.87,199.93,197.98,199.13,2195625,??Unknown??
07-08-2023,AAPL,197.25,198.06,195.54,198.06,2462160,<NULL>
08-08-2023,AAPL,196.01,197.56,195.13,195.93,2234872,Corrupt$
09-08-2023,AAPL,197.23,199.15,195.49,197.3,2151722,??Unknown??
10-08-2023,AAPL,199.96,201.95,199.33,199.41,4731797,Valid
11-08-2023,AAPL,199.69,200.87,197.89,199.72,4337478,<NULL>
12-08-2023,AAPL,195.66,196.54,194.42,,4524537,??Unknown??
13-08-2023,AAPL,198.4,199.57,197.46,197.83,3280877,Missing!
14-08-2023,AAPL,201.53,203.3,200.63,200.45,3120390,N/A
15-08-2023,AAPL,198.49,199.3,197.34,199.78,3531863,N/A
16-08-2023,AAPL,201.33,203.26,199.34,201.94,1650311,??Unknown??
17-08-2023,AAPL,196.27,197.29,195.44,195.73,2095776,N/A
18-08-2023,AAPL,194.06,196.04,193.4,194.28,2568535,Corrupt$
19-08-2023,AAPL,199.46,201.22,198.08,197.98,3617173,Err#404
20-08-2023,AAPL,198.82,200.53,197.59,196.84,3744811,??Unknown??
21-08-2023,AAPL,190.53,191.51,189.25,191.62,3533932,Corrupt$
22-08-2023,AAPL,195,195.51,193.5,195.23,1121747,Missing!
23-08-2023,AAPL,195.28,196.36,194.38,195.24,2995902,Corrupt$
24-08-2023,AAPL,192.44,193.39,190.58,192.67,3344517,Corrupt$
25-08-2023,AAPL,194.34,194.9,193.19,197.57,1781258,Missing!
26-08-2023,AAPL,197.15,198.41,196.46,198.02,4923475,Valid
27-08-2023,AAPL,195.32,196.43,193.71,194.28,4019567,??Unknown??
28-08-2023,AAPL,196.16,197.61,194.69,194.48,4861862,??Unknown??
29-08-2023,AAPL,192.6,194.03,191.62,193.65,1483061,??Unknown??
30-08-2023,AAPL,199.03,199.72,197.6,199.89,796412,Err#404
31-08-2023,AAPL,198.17,200.13,197.34,198.74,3071703,Corrupt$
01-09-2023,AAPL,190.14,190.92,188.97,189.32,2885632,??Unknown??
02-09-2023,AAPL,192.28,193.45,190.43,192.64,3387225,N/A
03-09-2023,AAPL,196.45,197.69,195.75,195.73,3732860,Valid
04-09-2023,AAPL,198.06,199.78,196.98,198.73,3195563,Missing!
05-09-2023,AAPL,197.52,198.17,195.79,198.5,1998118,Missing!
06-09-2023,AAPL,196.32,197.46,194.36,195.78,2300831,Err#404
07-09-2023,AAPL,194.01,195.46,192.83,195.14,2094362,<NULL>
08-09-2023,AAPL,197.96,198.79,196.7,198.08,4240214,Missing!
09-09-2023,AAPL,194.2,195.64,192.84,,2568710,Valid
10-09-2023,AAPL,197.46,199.34,195.56,196.15,4146313,<NULL>
11-09-2023,AAPL,195.44,197.43,193.65,195.67,1507705,Corrupt$
12-09-2023,AAPL,194.36,194.91,193.61,193.69,3282540,Missing!
13-09-2023,AAPL,200.4,201.25,199.24,200.87,816790,<NULL>
14-09-2023,AAPL,199.65,200.62,198.46,201.12,2416195,<NULL>
15-09-2023,AAPL,197.45,198.54,195.76,197.74,4047480,Missing!
16-09-2023,AAPL,199.42,200.28,198.01,198.51,4287415,N/A
17-09-2023,AAPL,192.82,193.63,191.34,193.45,545712,Corrupt$
18-09-2023,AAPL,198.75,200.69,196.76,199.16,2996641,??Unknown??
19-09-2023,AAPL,195.59,197.47,194.98,197.65,2722494,Valid
20-09-2023,AAPL,194.73,195.3,193.89,194.98,2164092,Missing!
21-09-2023,AAPL,201.59,202.6,200.48,201,987707,N/A
22-09-2023,AAPL,202.91,204.01,201.88,203.68,592091,Valid
23-09-2023,AAPL,198.67,199.53,198.14,198.54,1393150,<NULL>
24-09-2023,AAPL,198.86,200.31,198.23,198.94,1035827,Err#404
25-09-2023,AAPL,201.07,202.53,199.55,200.15,1432196,N/A
26-09-2023,AAPL,196.18,197.96,194.36,196.06,2549736,<NULL>
27-09-2023,AAPL,196.96,198.57,195.68,196.99,4440063,Err#404
28-09-2023,AAPL,198.02,199.34,196.71,197.9,921743,Missing!
29-09-2023,AAPL,198.75,200.23,197.87,198.16,2063482,N/A
30-09-2023,AAPL,197.65,198.56,196,197.94,2130872,??Unknown??
01-10-2023,AAPL,198.75,200.14,197.12,197.83,2025068,<NULL>
02-10-2023,AAPL,201.23,202.46,199.85,200.07,2664452,Valid
03-10-2023,AAPL,201.35,202.05,200.53,202.06,4634777,Valid
04-10-2023,AAPL,197.67,198.54,197.03,198.29,3837013,<NULL>
05-10-2023,AAPL,195.55,196.48,194.95,194.24,4474532,<NULL>
06-10-2023,AAPL,198.01,199.9,196.62,196.18,3744699,Corrupt$
07-10-2023,AAPL,197.66,198.5,195.92,196.65,3583562,N/A
08-10-2023,AAPL,193.3,194.23,191.51,193.17,2635896,N/A
09-10-2023,AAPL,198.18,199.23,196.98,199.33,2916738,<NULL>
10-10-2023,AAPL,193.19,194.69,191.51,,3207430,Err#404
11-10-2023,AAPL,196.36,197.04,194.44,195.59,2456678,N/A
12-10-2023,AAPL,194.71,196.64,193.79,194.86,2832127,Valid
13-10-2023,AAPL,195.01,196.81,193.92,194.9,3125090,N/A
14-10-2023,AAPL,196.55,197.91,194.65,195.17,2426252,Corrupt$
15-10-2023,AAPL,193.16,194.67,192.15,191.78,2574278,Corrupt$
16-10-2023,AAPL,197.05,197.58,195.18,195.7,2518852,<NULL>
17-10-2023,AAPL,196.62,197.63,194.65,199.1,2645265,Valid
18-10-2023,AAPL,192.75,194.45,191.26,193.61,4834165,Valid
19-10-2023,AAPL,193.78,194.4,192.05,193.19,1580701,Valid
20-10-2023,AAPL,193.73,194.65,192.11,194.84,1778343,N/A
21-10-2023,AAPL,191.84,193.22,190.29,191.27,3532115,N/A
22-10-2023,AAPL,191.3,192.18,190.34,192.37,1190778,??Unknown??
23-10-2023,AAPL,193.51,195.41,192.92,193.59,4544064,Missing!
24-10-2023,AAPL,194.6,195.3,193.58,193.94,678157,<NULL>
25-10-2023,AAPL,192.69,194.39,191.19,193.37,2253897,Missing!
26-10-2023,AAPL,195.77,197.04,195.12,195.91,2850959,Err#404
27-10-2023,AAPL,191.58,193.21,191.06,191.98,4328973,N/A
28-10-2023,AAPL,193.08,194.04,192.37,193.29,1111709,??Unknown??
29-10-2023,AAPL,191.9,193.17,190.32,192.1,1729959,??Unknown??
30-10-2023,AAPL,199.19,200.98,197.23,199.99,3843867,Corrupt$
31-10-2023,AAPL,195.51,196.71,193.53,198.09,4456092,N/A
01-11-2023,AAPL,194.88,195.92,193.64,196.13,3142800,??Unknown??
02-11-2023,AAPL,195.63,196.93,193.83,195.85,2158332,Corrupt$
03-11-2023,AAPL,196.7,198.28,195.1,196.39,4951441,Err#404
04-11-2023,AAPL,199.72,200.88,198.46,,1849651,Corrupt$
05-11-2023,AAPL,197.33,199.24,195.98,196.08,1271279,Err#404
06-11-2023,AAPL,194.17,195.12,193.47,194.84,4574999,Missing!
07-11-2023,AAPL,191.75,192.97,189.85,190.74,1163431,Missing!
08-11-2023,AAPL,191.76,193.4,190.73,191.39,1077701,Valid
09-11-2023,AAPL,193.6,195.13,192.43,194.27,2088404,Valid
10-11-2023,AAPL,192.69,194.49,191.18,192.45,2305148,<NULL>
11-11-2023,AAPL,188.34,190.34,187.34,187.85,752515,Corrupt$
12-11-2023,AAPL,190.7,191.85,189.82,189.51,4392825,<NULL>
13-11-2023,AAPL,193.45,194.12,192.01,194.66,3371083,Valid
14-11-2023,AAPL,192.48,193.02,191.94,191.64,1109723,N/A
15-11-2023,AAPL,196.53,198.12,194.95,195.94,783126,Corrupt$
16-11-2023,AAPL,193.05,194.86,191.78,191.26,3144046,??Unknown??
17-11-2023,AAPL,192.84,193.67,191.43,192.82,2476230,N/A
18-11-2023,AAPL,193.27,194.01,191.83,192.94,4649161,<NULL>
19-11-2023,AAPL,188.13,188.72,186.84,188.31,3879595,Corrupt$
20-11-2023,AAPL,190.09,191.82,188.72,,4263302,<NULL>
21-11-2023,AAPL,194.73,195.7,193.21,195.47,1426097,Missing!
22-11-2023,AAPL,191.09,192.2,189.46,189.25,2483438,Err#404
23-11-2023,AAPL,193.93,195.19,192.34,193.84,883609,<NULL>
24-11-2023,AAPL,195.38,197.14,193.57,195.49,3605003,Valid
25-11-2023,AAPL,193.35,194.83,192.57,193.41,2363082,Valid
26-11-2023,AAPL,196.75,198.17,195.65,196.91,3010963,Valid
27-11-2023,AAPL,189.71,190.47,187.79,190.5,2253313,Corrupt$
28-11-2023,AAPL,194.46,195.73,193.37,195.79,2886149,N/A
29-11-2023,AAPL,192.3,193.87,191.61,192.14,3981591,Err#404
30-11-2023,AAPL,194.55,196.51,193.26,193.58,2748885,Valid
01-12-2023,AAPL,188.06,188.86,187.39,188.62,3303005,N/A
02-12-2023,AAPL,192.81,193.33,192.01,192.53,1786353,<NULL>
03-12-2023,AAPL,190.06,190.67,188.06,191.32,2764719,??Unknown??
04-12-2023,AAPL,189.36,190.42,188.04,188.75,3545471,Missing!
05-12-2023,AAPL,189.24,190.97,188.31,188.38,3544221,??Unknown??
06-12-2023,AAPL,184.97,185.48,182.98,185.11,4626553,Err#404
07-12-2023,AAPL,189.78,190.97,187.83,188.04,3704181,Valid
08-12-2023,AAPL,185.74,186.73,184.58,185.27,2161342,??Unknown??
09-12-2023,AAPL,191.63,192.2,190.73,191.3,1319593,Missing!
10-12-2023,AAPL,185.58,186.76,183.83,185.8,3832791,N/A
11-12-2023,AAPL,189.81,190.69,188.24,188.81,2973592,N/A
12-12-2023,AAPL,189.23,190.25,187.7,188.35,3416933,??Unknown??
13-12-2023,AAPL,191.44,193,189.6,192.6,1516783,<NULL>
14-12-2023,AAPL,193.83,195.11,192.29,193.81,4406997,<NULL>
15-12-2023,AAPL,190.42,191.11,189.5,191.29,3770421,Valid
16-12-2023,AAPL,191.05,192.99,189.51,190.51,2426663,Missing!
17-12-2023,AAPL,191.84,193.3,190.88,191.79,1285786,Err#404
18-12-2023,AAPL,188.13,189.78,186.49,188.35,2927667,Valid
19-12-2023,AAPL,186.11,186.73,184.68,187.86,4540013,Corrupt$
20-12-2023,AAPL,181.2,181.78,180.59,180.99,1063889,??Unknown??
21-12-2023,AAPL,189.7,190.23,188.43,189.53,777834,Corrupt$
22-12-2023,AAPL,183.86,184.65,182.85,184.96,4394325,??Unknown??
23-12-2023,AAPL,181.19,182.31,180.2,180.81,2238667,Err#404
24-12-2023,AAPL,180.49,182.39,179.09,180.77,3787281,Valid
25-12-2023,AAPL,180.05,181.23,179.06,181.06,3744998,Missing!
26-12-2023,AAPL,184.64,185.58,182.98,184.07,4498585,<NULL>
27-12-2023,AAPL,185.99,187.33,185.38,186.33,3316112,<NULL>
28-12-2023,AAPL,184.86,185.53,183.37,186.6,2232141,Valid
29-12-2023,AAPL,182.39,183.81,180.68,183.32,4783191,??Unknown??
30-12-2023,AAPL,182.85,184.2,181.34,183.13,1335544,<NULL>
31-12-2023,AAPL,183.54,185.23,182.29,183.31,2739164,N/A
01-01-2023,GOOGL,183.14,183.99,181.17,183.62,1656928,Corrupt$
02-01-2023,GOOGL,177.12,178.92,175.23,176.24,3741695,Missing!
03-01-2023,GOOGL,184.2,184.75,182.36,183.01,712628,Missing!
04-01-2023,GOOGL,183.21,185.08,181.61,181.93,4806193,<NULL>
05-01-2023,GOOGL,183.7,184.38,182.65,,4675553,Valid
06-01-2023,GOOGL,178.91,180.38,178.25,178.38,4956367,Valid
07-01-2023,GOOGL,182.9,183.77,181.36,182.46,3606754,??Unknown??
08-01-2023,GOOGL,182.85,184.6,180.88,182.18,3691833,N/A
09-01-2023,GOOGL,183.49,184.76,181.9,183.17,4827261,Corrupt$
10-01-2023,GOOGL,183.82,184.52,181.92,184.19,3572475,N/A
11-01-2023,GOOGL,185.43,186.79,183.73,184.95,3712425,Missing!
12-01-2023,GOOGL,184.5,185.62,183.76,184.68,1585110,N/A
13-01-2023,GOOGL,188.32,189.81,187.44,,1641610,<NULL>
14-01-2023,GOOGL,184.2,186.03,183.19,183.38,2884333,??Unknown??
15-01-2023,GOOGL,195.1,196.22,194.35,194.66,2059284,N/A
16-01-2023,GOOGL,191.72,192.65,190.34,,1474687,Corrupt$
17-01-2023,GOOGL,187.3,187.83,185.34,188.8,1324726,Missing!
18-01-2023,GOOGL,196.18,197.54,194.53,194.93,3577165,Err#404
19-01-2023,GOOGL,191.91,193.02,190.78,190.21,504694,Missing!
20-01-2023,GOOGL,186.24,187.3,185.73,186.24,4659074,Err#404
21-01-2023,GOOGL,188.81,189.58,187.84,188.7,3179590,Corrupt$
22-01-2023,GOOGL,186.1,187.25,184.81,186.8,4237486,Missing!
23-01-2023,GOOGL,185.75,187.72,184.76,186.3,1174267,Missing!
24-01-2023,GOOGL,185.08,186.03,184.41,185.05,3369839,Missing!
25-01-2023,GOOGL,186.72,188.12,185.55,,2537775,Missing!
26-01-2023,GOOGL,188.31,189.97,187.43,187.63,1728135,??Unknown??
27-01-2023,GOOGL,184.02,185.64,182.15,184.23,2486373,Valid
28-01-2023,GOOGL,188.81,189.8,188.16,187.6,3626773,Missing!
29-01-2023,GOOGL,181.9,183.31,181.32,,3416971,??Unknown??
30-01-2023,GOOGL,182.82,184.63,182.31,181.36,4584488,Corrupt$
31-01-2023,GOOGL,182.11,182.64,181.12,181,1524446,Missing!
01-02-2023,GOOGL,185.72,186.88,184.23,187.43,3113456,N/A
02-02-2023,GOOGL,183.84,184.67,182.24,182.01,4172476,Missing!
03-02-2023,GOOGL,180.51,181.6,179.33,180.3,4766660,<NULL>
04-02-2023,GOOGL,184.72,185.85,183.19,185.55,4186207,Missing!
05-02-2023,GOOGL,184.32,185.94,183.28,186.54,1108919,Err#404
06-02-2023,GOOGL,185.12,185.76,183.62,185.3,2842854,N/A
07-02-2023,GOOGL,181.3,182.57,180.74,181.54,4726479,Missing!
08-02-2023,GOOGL,186.4,187.74,185.31,186.44,1333230,Missing!
09-02-2023,GOOGL,180.98,182.22,179.3,182.04,2267052,Missing!
10-02-2023,GOOGL,177.95,179.55,176.25,178.39,840822,??Unknown??
11-02-2023,GOOGL,174.53,175.61,172.96,173.96,3570321,Corrupt$
12-02-2023,GOOGL,181.77,183.69,180.97,182.89,4940768,Err#404
13-02-2023,GOOGL,181.82,183.05,180.95,181.36,615064,Missing!
14-02-2023,GOOGL,185.29,186.65,183.3,183.69,3089644,Corrupt$
15-02-2023,GOOGL,181.93,183.67,181.27,180.33,2650517,Err#404
16-02-2023,GOOGL,182.07,182.99,181.3,181.87,2040850,Err#404
17-02-2023,GOOGL,182.39,183,181.69,182.49,4067124,<NULL>
18-02-2023,GOOGL,187.16,188.72,186.17,188.11,3558321,Err#404
19-02-2023,GOOGL,186.73,187.96,185.92,187.37,2700852,Missing!
20-02-2023,GOOGL,186.43,188.27,185.18,186.51,4762551,??Unknown??
21-02-2023,GOOGL,183.9,185.88,182.69,184.91,3828359,Missing!
22-02-2023,GOOGL,187.05,188.15,185.2,187.06,3438324,Missing!
23-02-2023,GOOGL,184.89,186.01,184.34,183.6,4847864,Corrupt$
24-02-2023,GOOGL,183.73,184.84,182.75,182.22,3603800,Valid
25-02-2023,GOOGL,183.27,184.26,181.87,184.55,1838618,Valid
26-02-2023,GOOGL,186,187.68,184.6,183.76,4875446,<NULL>
27-02-2023,GOOGL,185.05,186.69,183.83,184.85,1086901,Valid
28-02-2023,GOOGL,188.17,189.38,186.44,191.15,873921,Corrupt$
01-03-2023,GOOGL,182.44,183,181.84,182.9,1503639,N/A
02-03-2023,GOOGL,186.78,187.74,185.05,186.57,4741307,<NULL>
03-03-2023,GOOGL,184.88,185.81,183.63,183.19,907650,Corrupt$
04-03-2023,GOOGL,180.96,182.67,180.26,182.58,4229046,Err#404
05-03-2023,GOOGL,184.27,184.9,182.44,185.49,3305573,Missing!
06-03-2023,GOOGL,187.98,189.68,186.5,188.66,1694497,N/A
07-03-2023,GOOGL,187.17,188.68,186.43,187.17,4115383,Err#404
08-03-2023,GOOGL,184.55,186.14,183.99,185.12,1270448,<NULL>
09-03-2023,GOOGL,187.1,188.25,186.39,186.95,4151948,Missing!
10-03-2023,GOOGL,183.19,184.71,181.78,182.22,3436384,Missing!
11-03-2023,GOOGL,183.53,184.94,182.76,184.48,4319128,<NULL>
12-03-2023,GOOGL,180.31,181.97,179.48,180.26,3105676,Err#404
13-03-2023,GOOGL,187.54,188.71,187,188.06,2340220,Corrupt$
14-03-2023,GOOGL,190.66,191.87,189.07,190.54,634411,Valid
15-03-2023,GOOGL,189.14,190.6,187.42,189.6,4651910,N/A
16-03-2023,GOOGL,183.59,184.25,181.89,,3177678,<NULL>
17-03-2023,GOOGL,184.1,185.25,183.41,184.01,912610,<NULL>
18-03-2023,GOOGL,182.38,184.34,180.53,182.41,3961743,Missing!
19-03-2023,GOOGL,183.63,184.19,182.12,186.59,4116666,??Unknown??
20-03-2023,GOOGL,187.84,188.81,185.99,188.64,4991055,Missing!
21-03-2023,GOOGL,186.79,187.76,185.62,189.38,552055,Valid
22-03-2023,GOOGL,183.45,184.9,182.29,183.44,1636263,Missing!
23-03-2023,GOOGL,185.95,186.61,184.27,185.64,4042635,??Unknown??
24-03-2023,GOOGL,181.4,182.85,180.76,180.33,2997838,<NULL>
25-03-2023,GOOGL,186.57,187.21,185.29,188.17,2469921,Corrupt$
26-03-2023,GOOGL,181.16,181.8,179.4,180.25,2128637,Missing!
27-03-2023,GOOGL,185.69,187.28,183.94,187.5,2799820,N/A
28-03-2023,GOOGL,183.18,184.17,181.25,182.17,2100448,Corrupt$
29-03-2023,GOOGL,188.98,190.95,187.44,189.87,2317765,??Unknown??
30-03-2023,GOOGL,182.9,183.45,182.09,181.31,4043244,Err#404
31-03-2023,GOOGL,180.69,181.86,180.16,180.25,2338346,Missing!
01-04-2023,GOOGL,187.75,188.42,186.53,187.77,4830863,<NULL>
02-04-2023,GOOGL,187.83,188.85,186.56,187.23,4023319,<NULL>
03-04-2023,GOOGL,183.76,185.76,182.9,183.59,2542896,Corrupt$
04-04-2023,GOOGL,187.7,189.53,187.01,187.53,659876,Missing!
05-04-2023,GOOGL,183.04,183.61,181.66,183.84,1165275,N/A
06-04-2023,GOOGL,188.82,190.17,187.18,186.74,4704851,Missing!
07-04-2023,GOOGL,185.45,186.92,183.46,184.89,1899433,Corrupt$
08-04-2023,GOOGL,186.66,187.47,185.02,187.91,3910331,Valid
09-04-2023,GOOGL,185.68,186.4,183.99,186.25,4757450,Corrupt$
10-04-2023,GOOGL,187.48,189.34,186.06,188.75,4011449,??Unknown??
11-04-2023,GOOGL,185.31,187.26,183.33,186.07,2516950,Corrupt$
12-04-2023,GOOGL,189.08,191.07,187.62,188,3229201,<NULL>
13-04-2023,GOOGL,188.68,190.37,186.89,189.34,1914447,N/A
14-04-2023,GOOGL,183.02,184.51,181.1,183.12,3958332,Corrupt$
15-04-2023,GOOGL,186.24,187.26,184.35,188.51,2680122,Corrupt$
16-04-2023,GOOGL,187.18,187.93,186.11,187.98,1216177,N/A
17-04-2023,GOOGL,183.67,184.29,183.06,184.2,3136859,Corrupt$
18-04-2023,GOOGL,180.85,182.39,180.09,181.52,3615209,<NULL>
19-04-2023,GOOGL,179.86,181.54,179.28,180.33,1551497,N/A
20-04-2023,GOOGL,184.4,186.14,183.74,184.84,3519332,<NULL>
21-04-2023,GOOGL,177.98,179.85,177.21,177.72,979177,<NULL>
22-04-2023,GOOGL,182.76,184.58,181.75,183.3,1991476,<NULL>
23-04-2023,GOOGL,184.08,186.08,182.76,185.03,1021317,??Unknown??
24-04-2023,GOOGL,179.46,180.33,177.89,180.52,4326562,N/A
25-04-2023,GOOGL,186.17,187.82,185.36,187.11,2008797,??Unknown??
26-04-2023,GOOGL,180.32,181.7,178.81,181.82,4426888,??Unknown??
27-04-2023,GOOGL,179.55,180.44,177.99,180.67,2524676,N/A
28-04-2023,GOOGL,181.14,183.11,179.8,181.77,4767132,Corrupt$
29-04-2023,GOOGL,178.7,180.55,176.85,177.56,1147937,Missing!
30-04-2023,GOOGL,177.46,178.15,176.8,176.32,2652304,Valid
01-05-2023,GOOGL,186.84,187.38,186.08,186.59,586569,Missing!
02-05-2023,GOOGL,180.69,182.23,179.55,180.74,1484131,<NULL>
03-05-2023,GOOGL,179.42,180.83,178.73,180.82,4816841,N/A
04-05-2023,GOOGL,181.96,183.86,180.61,179.18,1721793,Corrupt$
05-05-2023,GOOGL,181.8,182.65,180.7,180.77,3840488,??Unknown??
06-05-2023,GOOGL,185.22,185.84,184.29,185.02,3956453,Err#404
07-05-2023,GOOGL,183.84,184.73,183.09,182.84,1445424,Valid
08-05-2023,GOOGL,188.17,188.7,187.16,187.37,4913115,Missing!
09-05-2023,GOOGL,184.75,185.3,183.34,184.25,2458754,Corrupt$
10-05-2023,GOOGL,186.43,188.3,185.07,185.48,1139068,<NULL>
11-05-2023,GOOGL,187.9,188.92,187.15,,2359024,Valid
12-05-2023,GOOGL,180.84,181.96,180.16,182.21,1871242,<NULL>
13-05-2023,GOOGL,181.46,181.99,180.92,182.08,4163175,Err#404
14-05-2023,GOOGL,186.92,187.83,186.41,187.69,2520148,Err#404
15-05-2023,GOOGL,188.55,190.26,186.73,188.52,1660675,Err#404
16-05-2023,GOOGL,185.22,186.65,184.66,186.24,4536589,Missing!
17-05-2023,GOOGL,187.16,188.79,185.57,188.01,4779319,<NULL>
18-05-2023,GOOGL,186.86,188.03,185.05,187.46,3226427,N/A
19-05-2023,GOOGL,190.37,191.33,189.72,189.71,3638832,Valid
20-05-2023,GOOGL,184.89,186.12,183.74,184.45,2550276,N/A
21-05-2023,GOOGL,185.47,186.45,183.52,186.52,3309858,<NULL>
22-05-2023,GOOGL,190.45,192.21,188.7,189.94,2516142,Err#404
23-05-2023,GOOGL,187.84,188.78,186.6,186.55,3191207,Corrupt$
24-05-2023,GOOGL,184.6,186.09,182.96,184.06,3750060,Err#404
25-05-2023,GOOGL,190.91,191.62,189.16,192.47,4471586,N/A
26-05-2023,GOOGL,184.98,186.51,183.96,,874344,Err#404
27-05-2023,GOOGL,184.54,186.41,182.7,184.87,3351957,<NULL>
28-05-2023,GOOGL,189.54,190.95,188.34,188.93,2048496,Err#404
29-05-2023,GOOGL,188.97,190.31,187.68,189.74,795863,N/A
30-05-2023,GOOGL,190.54,192.49,188.54,191.08,4474177,N/A
31-05-2023,GOOGL,188.01,189.46,186.25,186.52,2642856,<NULL>
01-06-2023,GOOGL,184.35,185.24,183.31,184.62,1316445,Corrupt$
02-06-2023,GOOGL,192.37,193.31,191.85,190.68,1889068,N/A
03-06-2023,GOOGL,188.15,189.71,186.71,187.6,726884,<NULL>
04-06-2023,GOOGL,184.3,185.91,182.75,184.29,1716424,Corrupt$
05-06-2023,GOOGL,188.33,189.28,186.85,190.18,3917932,??Unknown??
06-06-2023,GOOGL,183.96,184.98,182.01,184.28,578563,<NULL>
07-06-2023,GOOGL,181.63,183.62,179.84,180.87,1638355,??Unknown??
08-06-2023,GOOGL,182.04,182.69,180.86,181.72,2696856,N/A
09-06-2023,GOOGL,185.4,186.51,184.81,186.33,4561317,Err#404
10-06-2023,GOOGL,179.72,180.31,178.5,178.96,1872407,Valid
11-06-2023,GOOGL,184.32,186.05,182.78,185.41,2633643,Err#404
12-06-2023,GOOGL,182.29,182.93,180.88,181.77,3348061,N/A
13-06-2023,GOOGL,181.35,182.86,180.04,180.44,4504275,Corrupt$
14-06-2023,GOOGL,180.73,181.31,179.52,180.24,3501519,<NULL>
15-06-2023,GOOGL,177.93,179.44,176.99,176.31,3991650,Err#404
16-06-2023,GOOGL,179.51,181.28,178.6,177.34,1569024,??Unknown??
17-06-2023,GOOGL,183.19,184.29,181.94,183.11,1862270,Missing!
18-06-2023,GOOGL,181.89,183.17,181.15,181.82,1401111,N/A
19-06-2023,GOOGL,183.44,184.55,182.43,183.7,2614253,Err#404
20-06-2023,GOOGL,187.3,188.25,186.31,187.21,790160,Missing!
21-06-2023,GOOGL,183.34,185.04,181.96,185.67,4904309,Err#404
22-06-2023,GOOGL,185.11,186.01,184.51,185.28,4326450,Corrupt$
23-06-2023,GOOGL,188.21,189.8,186.47,186.83,2120706,Corrupt$
24-06-2023,GOOGL,180.78,181.59,179.44,179.66,4740843,Corrupt$
25-06-2023,GOOGL,184.4,185.27,182.89,184.4,3569252,Missing!
26-06-2023,GOOGL,183.33,184.34,181.78,,1270569,Valid
27-06-2023,GOOGL,188.43,189.81,187.49,187.2,3013384,Missing!
28-06-2023,GOOGL,186.04,187.22,184.84,,615042,N/A
29-06-2023,GOOGL,185.87,187.49,183.94,185.83,2725074,N/A
30-06-2023,GOOGL,189.01,189.83,187.36,190.61,592447,??Unknown??
01-07-2023,GOOGL,193.25,193.77,191.3,192.33,3991274,??Unknown??
02-07-2023,GOOGL,186.51,188.17,184.89,186.09,1578562,N/A
03-07-2023,GOOGL,187.35,189.09,186.59,188.95,3243122,Err#404
04-07-2023,GOOGL,186.44,187.03,185.85,186.77,4234341,N/A
05-07-2023,GOOGL,188.05,189.47,186.69,187.13,4155847,<NULL>
06-07-2023,GOOGL,191.71,192.78,190.68,191,4035797,Valid
07-07-2023,GOOGL,185.08,186.77,184.16,183.86,2847628,??Unknown??
08-07-2023,GOOGL,189.42,191.24,187.71,189.5,4227904,??Unknown??
09-07-2023,GOOGL,184.31,186.09,183.26,185.34,2083820,<NULL>
10-07-2023,GOOGL,188.13,189.8,187.16,189.77,3732567,<NULL>
11-07-2023,GOOGL,184.47,185.37,182.7,182.98,2522307,Missing!
12-07-2023,GOOGL,183.77,185.49,182,184.64,4861909,<NULL>
13-07-2023,GOOGL,185.56,186.86,184.53,185.73,1512714,??Unknown??
14-07-2023,GOOGL,185.96,186.53,184.21,185.69,1649707,N/A
15-07-2023,GOOGL,189.88,191.06,188.1,189.46,1483770,??Unknown??
16-07-2023,GOOGL,185.52,187.43,184.38,183.6,2598984,<NULL>
17-07-2023,GOOGL,184.66,186.49,184.06,185.29,4283938,<NULL>
18-07-2023,GOOGL,186.65,187.3,186.14,185.33,1358267,<NULL>
19-07-2023,GOOGL,183.98,185.6,182.7,183.24,4243382,??Unknown??
20-07-2023,GOOGL,187.62,189.33,186.6,188.04,4672975,<NULL>
21-07-2023,GOOGL,186.91,187.82,184.92,185.1,4731874,Missing!
22-07-2023,GOOGL,184.71,185.92,183.05,183.39,981193,N/A
23-07-2023,GOOGL,180.7,182.27,179.06,181.92,3259127,Err#404
24-07-2023,GOOGL,180.13,181.29,178.2,180.26,1127475,<NULL>
25-07-2023,GOOGL,181.75,182.42,179.92,181.09,4455594,??Unknown??
26-07-2023,GOOGL,184.31,185.87,183.34,184.44,3732607,??Unknown??
27-07-2023,GOOGL,176.22,178.09,175.47,176.89,1040027,<NULL>
28-07-2023,GOOGL,178.94,180.42,177.32,180.06,2695732,??Unknown??
29-07-2023,GOOGL,179.23,180.89,178.16,178.12,2297355,<NULL>
30-07-2023,GOOGL,178.94,179.98,177.73,177.91,3725327,Valid
31-07-2023,GOOGL,175.03,175.81,173.59,175.64,1255724,N/A
01-08-2023,GOOGL,176.68,178.14,174.82,177.32,3982837,<NULL>
02-08-2023,GOOGL,178.35,179.35,177.23,177.01,2596539,??Unknown??
03-08-2023,GOOGL,180.13,181.92,178.46,179.15,1936052,Valid
04-08-2023,GOOGL,180.25,180.93,179.35,180.06,3301133,Err#404
05-08-2023,GOOGL,180.97,182.12,179.42,180.99,4037553,Err#404
06-08-2023,GOOGL,184.23,185.33,183.73,184.28,3547582,Missing!
07-08-2023,GOOGL,182.86,184.77,181.05,181.5,4431067,<NULL>
08-08-2023,GOOGL,182.88,183.61,182.33,182.92,4994445,Missing!
09-08-2023,GOOGL,183.09,183.61,181.52,182.37,4885316,Missing!
10-08-2023,GOOGL,178.61,179.47,178.04,177.45,1196084,Valid
11-08-2023,GOOGL,180.22,181.95,179.32,180.21,4857080,Err#404
12-08-2023,GOOGL,178.81,179.63,177.57,178.7,2981498,Missing!
13-08-2023,GOOGL,179.04,179.9,177.91,179.84,3604379,Corrupt$
14-08-2023,GOOGL,182.85,183.54,182.06,181.99,1266230,Missing!
15-08-2023,GOOGL,183.32,184.89,182.32,183.56,2599678,Err#404
16-08-2023,GOOGL,181.42,182.02,179.82,179.85,2868029,Corrupt$
17-08-2023,GOOGL,183.01,184,181.5,182.73,536051,Valid
18-08-2023,GOOGL,176.46,177.39,175.86,176.93,4166279,<NULL>
19-08-2023,GOOGL,180.12,181.45,178.5,180.67,3936005,<NULL>
20-08-2023,GOOGL,181.38,182.97,180.8,181.93,4352659,Corrupt$
21-08-2023,GOOGL,188.1,189.4,186.78,188.9,3200502,Err#404
22-08-2023,GOOGL,187.2,189.1,186.31,186.76,3827708,??Unknown??
23-08-2023,GOOGL,185.13,187.05,183.75,185.62,3578921,Corrupt$
24-08-2023,GOOGL,187.74,188.78,186.84,189.61,2522862,Err#404
25-08-2023,GOOGL,183.88,185.54,181.9,183.41,4487575,Missing!
26-08-2023,GOOGL,187.43,189.04,186.46,188.81,1246447,??Unknown??
27-08-2023,GOOGL,184.31,186.15,183.45,185.19,1177551,Valid
28-08-2023,GOOGL,189.1,190.27,188.18,188.83,4095908,<NULL>
29-08-2023,GOOGL,191.45,192.74,189.6,191.27,1712740,Valid
30-08-2023,GOOGL,183.84,184.97,182.39,183.96,997165,N/A
31-08-2023,GOOGL,187.75,189.53,186.15,188.57,4232529,Valid
01-09-2023,GOOGL,186.64,187.48,184.76,187.04,2218340,N/A
02-09-2023,GOOGL,189.51,190.37,187.64,189.03,3060390,Valid
03-09-2023,GOOGL,185.74,186.8,184.13,183.66,1773871,Valid
04-09-2023,GOOGL,188.42,189.26,187.62,189.09,1535702,Valid
05-09-2023,GOOGL,186.84,188.19,185.08,184.91,2385005,N/A
06-09-2023,GOOGL,188.11,188.81,187.31,186.75,3593348,Missing!
07-09-2023,GOOGL,188.6,189.58,186.99,188.2,1478536,N/A
08-09-2023,GOOGL,186.83,188.7,185.3,185.61,1105743,Corrupt$
09-09-2023,GOOGL,191.59,192.71,189.96,191.91,1240599,Err#404
10-09-2023,GOOGL,189.27,190.89,187.97,188.98,2746928,Err#404
11-09-2023,GOOGL,191.08,191.75,189.62,191.86,1697678,Missing!
12-09-2023,GOOGL,189.44,190.31,187.51,187.83,2986179,Err#404
13-09-2023,GOOGL,190.34,192.05,189.69,189.68,3457135,Valid
14-09-2023,GOOGL,190.62,192.26,189.65,190.62,503420,Missing!
15-09-2023,GOOGL,189.53,190.61,188.11,189.57,3973135,Err#404
16-09-2023,GOOGL,187.96,189.89,186.01,188.65,1513368,N/A
17-09-2023,GOOGL,186.31,188.17,185.66,185.39,3140905,Corrupt$
18-09-2023,GOOGL,188.76,190.7,188.22,188.29,2906967,??Unknown??
19-09-2023,GOOGL,186.88,188.02,186.3,187.39,3927043,Corrupt$
20-09-2023,GOOGL,186.88,187.67,186.3,184.68,1765777,Err#404
21-09-2023,GOOGL,187.88,189.32,186.01,,1808396,Missing!
22-09-2023,GOOGL,194.28,195.81,192.7,195.05,1735340,<NULL>
23-09-2023,GOOGL,186.84,187.53,185.33,185.51,558541,Err#404
24-09-2023,GOOGL,191.35,193.03,190.07,191.04,2606622,N/A
25-09-2023,GOOGL,189.09,189.62,187.42,190.58,3165748,Corrupt$
26-09-2023,GOOGL,191.9,193.12,191.16,192.56,2732821,<NULL>
27-09-2023,GOOGL,190.19,191.19,189.1,190.64,4856164,N/A
28-09-2023,GOOGL,184.87,186.48,183.64,185.86,3579676,N/A
29-09-2023,GOOGL,182.9,183.87,182.23,184.7,1598053,??Unknown??
30-09-2023,GOOGL,183,184.74,181.87,183.01,3229701,N/A
01-10-2023,GOOGL,187.02,188.41,186.04,186.61,1126754,<NULL>
02-10-2023,GOOGL,190.26,191.95,189.7,191.24,795215,N/A
03-10-2023,GOOGL,185.76,187.74,185.05,185.57,3060971,??Unknown??
04-10-2023,GOOGL,184.83,186.35,183.19,183.91,4100867,Valid
05-10-2023,GOOGL,189.08,191.06,188.56,188.54,4764864,<NULL>
06-10-2023,GOOGL,188.55,189.09,186.64,188.86,1279680,Valid
07-10-2023,GOOGL,187.47,188.47,186.84,187.02,4431294,<NULL>
08-10-2023,GOOGL,189.88,190.54,188.18,189.5,4096436,Missing!
09-10-2023,GOOGL,192.52,193.41,190.67,191.49,4070714,??Unknown??
10-10-2023,GOOGL,189.71,191.46,187.79,191.14,3984634,Missing!
11-10-2023,GOOGL,189.09,189.64,187.29,188.75,1737087,Missing!
12-10-2023,GOOGL,189.6,190.88,188.66,188.88,2478649,N/A
13-10-2023,GOOGL,191.61,192.96,190.61,191,3384112,Missing!
14-10-2023,GOOGL,194.24,195.59,193.1,195.05,3754534,Err#404
15-10-2023,GOOGL,189.99,191.2,189.28,190.56,1583685,<NULL>
16-10-2023,GOOGL,190.8,192.48,190.26,190.29,1866528,Corrupt$
17-10-2023,GOOGL,191.01,191.71,189.2,191.04,3333304,Err#404
18-10-2023,GOOGL,190.75,191.71,189.41,191.02,2973139,Err#404
19-10-2023,GOOGL,191.6,193.02,190.18,190.89,3103927,N/A
20-10-2023,GOOGL,195.89,197.42,194,194.35,1885140,Corrupt$
21-10-2023,GOOGL,190.61,191.71,189.11,191.12,4067850,Missing!
22-10-2023,GOOGL,188.94,190.75,187.4,188.29,1918167,Corrupt$
23-10-2023,GOOGL,189.91,191.03,188.23,,3061854,Missing!
24-10-2023,GOOGL,193.28,194.38,192.6,193.6,3712624,Valid
25-10-2023,GOOGL,195.01,195.57,193.97,195.07,1652007,??Unknown??
26-10-2023,GOOGL,188.33,189.65,186.38,187.9,915162,N/A
27-10-2023,GOOGL,183.77,185.33,181.88,183.13,2119884,Missing!
28-10-2023,GOOGL,188.89,189.56,187.07,187.75,3851066,Missing!
29-10-2023,GOOGL,188.77,189.73,187.59,188.16,3405745,Corrupt$
30-10-2023,GOOGL,186.26,187.94,184.48,186.83,4722042,N/A
31-10-2023,GOOGL,187.4,188.45,186.83,188.8,4047407,<NULL>
01-11-2023,GOOGL,188.04,188.91,187.32,189.3,4751457,Missing!
02-11-2023,GOOGL,185.76,187.27,184.64,185.9,4384036,Valid
03-11-2023,GOOGL,189.65,190.45,188.43,,4755313,Err#404
04-11-2023,GOOGL,191.07,192.91,190.17,190.76,3483130,Missing!
05-11-2023,GOOGL,191.16,191.82,190.13,189.87,984469,Corrupt$
06-11-2023,GOOGL,193.45,195.01,192.71,195.37,4342640,<NULL>
07-11-2023,GOOGL,191.36,192.61,190.13,191.89,3964143,Valid
08-11-2023,GOOGL,189.54,191.34,187.85,188,4766246,N/A
09-11-2023,GOOGL,193.93,194.62,192.44,195.49,2715217,Missing!
10-11-2023,GOOGL,193.08,194.59,192.41,192.33,1824453,Valid
11-11-2023,GOOGL,188.62,189.97,187.39,188.09,4035054,Valid
12-11-2023,GOOGL,189.22,190.44,187.68,190.24,2068366,<NULL>
13-11-2023,GOOGL,190.2,191.44,188.91,191.56,1182286,Valid
14-11-2023,GOOGL,188.18,189.77,187.1,187.18,1184143,Valid
15-11-2023,GOOGL,192.07,193.98,190.64,,1107648,<NULL>
16-11-2023,GOOGL,193.18,193.82,191.23,194.06,4016250,<NULL>
17-11-2023,GOOGL,195.88,196.41,195.24,195.08,4984735,<NULL>
18-11-2023,GOOGL,189.91,191.62,188.82,189.66,1897636,Valid
19-11-2023,GOOGL,187.79,188.46,186.68,189.31,2029275,Valid
20-11-2023,GOOGL,190.03,192.01,188.66,188.47,2164069,??Unknown??
21-11-2023,GOOGL,192.55,193.97,191.82,193.93,732321,N/A
22-11-2023,GOOGL,188.21,189.69,187.45,189.06,637837,Err#404
23-11-2023,GOOGL,188.56,189.36,187.63,189.07,944842,N/A
24-11-2023,GOOGL,191.35,192.21,189.42,191.48,1244067,Corrupt$
25-11-2023,GOOGL,188.49,189.97,186.88,190.46,2739031,Corrupt$
26-11-2023,GOOGL,190.42,192.29,188.93,192.54,2607356,<NULL>
27-11-2023,GOOGL,191.24,193.22,189.52,190.63,602903,N/A
28-11-2023,GOOGL,192.52,193.31,191.82,193.13,915874,Valid
29-11-2023,GOOGL,188.76,189.46,186.97,190.63,2107850,??Unknown??
30-11-2023,GOOGL,184.28,184.86,182.89,183.49,3462906,Err#404
01-12-2023,GOOGL,189.52,191.32,188.51,189.76,2429827,Missing!
02-12-2023,GOOGL,187.63,188.57,185.91,188.63,4562175,Missing!
03-12-2023,GOOGL,186.37,186.87,184.66,184.35,3171744,Valid
04-12-2023,GOOGL,182.97,183.8,181.2,183.8,2400600,N/A
05-12-2023,GOOGL,182.6,183.61,181.93,181.52,3966420,Missing!
06-12-2023,GOOGL,183.92,185.91,181.97,184.12,4006319,N/A
07-12-2023,GOOGL,183.55,184.84,181.61,184.7,2112850,??Unknown??
08-12-2023,GOOGL,183.01,183.82,181.98,180.62,1640170,??Unknown??
09-12-2023,GOOGL,184.43,185.44,183.84,,850425,<NULL>
10-12-2023,GOOGL,185.65,186.65,184.9,187.69,2575904,N/A
11-12-2023,GOOGL,183.4,183.93,181.41,,3422329,<NULL>
12-12-2023,GOOGL,181.68,182.38,180.34,182.26,1002939,Valid
13-12-2023,GOOGL,183.9,185.44,182.86,185.23,1722196,<NULL>
14-12-2023,GOOGL,185.11,185.79,184.17,183.51,4836057,Valid
15-12-2023,GOOGL,190.38,191.23,189.49,191.14,2831499,Valid
16-12-2023,GOOGL,185.89,186.92,184.4,186.92,4066343,Missing!
17-12-2023,GOOGL,185.84,187.48,184.71,186.48,3283993,Err#404
18-12-2023,GOOGL,186.12,187.5,184.17,,2868410,Err#404
19-12-2023,GOOGL,184.11,185.65,182.59,183.11,1326278,Valid
20-12-2023,GOOGL,187.52,188.87,185.83,188.91,1239026,N/A
21-12-2023,GOOGL,186.62,188.15,185.68,186.66,1843316,??Unknown??
22-12-2023,GOOGL,192.5,193.01,191.89,191.6,3225527,<NULL>
23-12-2023,GOOGL,192.96,194.86,191.73,192.64,4949339,Corrupt$
24-12-2023,GOOGL,193.31,193.98,192.34,,846990,??Unknown??
25-12-2023,GOOGL,197.15,198.26,196.35,195.59,2385249,??Unknown??
26-12-2023,GOOGL,196.59,198.24,194.66,196.6,4336813,Corrupt$
27-12-2023,GOOGL,194.46,195.61,193.29,194.04,1947839,Valid
28-12-2023,GOOGL,198.99,200.91,198.23,200.33,2077127,??Unknown??
29-12-2023,GOOGL,196.29,197.49,195.49,194.41,3020908,Corrupt$
30-12-2023,GOOGL,195.11,196.93,194.19,196.05,3251691,<NULL>
31-12-2023,GOOGL,193.37,195.08,191.37,194.78,4114670,Missing!
01-01-2023,AMZN,77.45,78.91,75.65,76.57,4560097,N/A
02-01-2023,AMZN,75.18,75.86,73.57,75.17,1688037,N/A
03-01-2023,AMZN,76.95,78.87,75.03,77.49,4711656,N/A
04-01-2023,AMZN,73.85,74.69,71.94,73.75,4821092,Valid
05-01-2023,AMZN,76.59,78.59,75.51,75.6,4201844,??Unknown??
06-01-2023,AMZN,79.49,80.74,78.32,79.66,4667542,??Unknown??
07-01-2023,AMZN,79.23,80.88,78.34,77.19,4397619,Err#404
08-01-2023,AMZN,74.68,75.18,73.19,,3047482,N/A
09-01-2023,AMZN,79.8,81.63,78.75,80.65,4809462,Valid
10-01-2023,AMZN,74.22,75.12,72.54,75.12,1768165,Corrupt$
11-01-2023,AMZN,78.42,79.93,77.74,74.66,4333574,Valid
12-01-2023,AMZN,76.37,78.08,75.7,76.18,4069284,??Unknown??
13-01-2023,AMZN,79.69,80.44,78.89,80.29,4916447,<NULL>
14-01-2023,AMZN,73.83,75,73.21,72.66,3383553,<NULL>
15-01-2023,AMZN,73.82,75.06,72.39,73.45,3398444,<NULL>
16-01-2023,AMZN,71.65,72.62,70.93,72.86,3670663,N/A
17-01-2023,AMZN,77.34,78.56,76.6,76.86,3097381,Err#404
18-01-2023,AMZN,79.61,80.58,79.09,81.21,3170519,Missing!
19-01-2023,AMZN,79.25,80.29,77.57,78.5,534111,Valid
20-01-2023,AMZN,77.52,79.02,75.8,78.93,3440134,Err#404
21-01-2023,AMZN,75.87,77.32,75.13,75.91,2803921,<NULL>
22-01-2023,AMZN,76.27,77.12,74.66,75.4,2039605,??Unknown??
23-01-2023,AMZN,74.71,76.56,73.56,76.12,2815160,Corrupt$
24-01-2023,AMZN,76.18,77.97,75.32,74.97,540565,Valid
25-01-2023,AMZN,72.69,73.96,71.26,71.9,1779938,Missing!
26-01-2023,AMZN,70.97,72.12,70.21,71.46,1111204,??Unknown??
27-01-2023,AMZN,71.6,72.66,69.96,71.68,1538734,N/A
28-01-2023,AMZN,74.94,76.5,74.37,75.22,4732537,Valid
29-01-2023,AMZN,73.97,75.48,72.03,73.6,4979143,Err#404
30-01-2023,AMZN,74.22,75.01,73.61,73.02,1507992,<NULL>
31-01-2023,AMZN,73.29,74.79,71.92,72.63,2199304,Valid
01-02-2023,AMZN,77.49,78.37,75.64,,4868110,??Unknown??
02-02-2023,AMZN,77.56,78.09,77.04,76.22,843401,??Unknown??
03-02-2023,AMZN,77.5,79.05,76.25,79.14,3385089,<NULL>
04-02-2023,AMZN,75.79,77.25,74.76,76.1,2471443,Err#404
05-02-2023,AMZN,76.95,78.07,75.58,76.35,2902910,Missing!
06-02-2023,AMZN,75.78,77.07,74.95,73.78,3646738,??Unknown??
07-02-2023,AMZN,76.12,78.04,75.52,74.25,744300,Valid
08-02-2023,AMZN,78.59,79.98,77.15,78.24,4150730,<NULL>
09-02-2023,AMZN,69.8,71.29,68.68,69.32,4845237,Missing!
10-02-2023,AMZN,74.09,74.69,72.66,74.21,4063069,Err#404
11-02-2023,AMZN,77.17,77.92,76.35,78.89,1164729,??Unknown??
12-02-2023,AMZN,80.19,81.14,79.19,80.73,1624232,<NULL>
13-02-2023,AMZN,79.48,80.79,78.14,79.35,2289695,??Unknown??
14-02-2023,AMZN,77.96,79.63,76.57,,2956982,Valid
15-02-2023,AMZN,74.75,75.73,73.69,74.9,3820938,??Unknown??
16-02-2023,AMZN,74.56,75.59,73.64,76.16,3582745,<NULL>
17-02-2023,AMZN,74.24,75.12,73.33,73.56,2656941,Valid
18-02-2023,AMZN,74.22,75.1,73.46,73.07,4239941,N/A
19-02-2023,AMZN,75.61,77.53,74.62,73.61,2029278,<NULL>
20-02-2023,AMZN,78.65,80.1,77.85,78.55,3722353,Missing!
21-02-2023,AMZN,79.15,79.88,77.7,77.91,669162,Valid
22-02-2023,AMZN,76.53,78.12,75.18,75.29,2101669,Corrupt$
23-02-2023,AMZN,78.84,80.42,77.76,79.87,4220257,??Unknown??
24-02-2023,AMZN,71.48,72.98,70.49,69.76,3592959,N/A
25-02-2023,AMZN,75.57,76.28,74.72,75.68,3187434,Missing!
26-02-2023,AMZN,76.1,77.22,74.8,76.02,2973301,Err#404
27-02-2023,AMZN,72.44,73.11,70.57,72.54,3399650,Corrupt$
28-02-2023,AMZN,78.3,80.02,76.77,79.68,3257233,Err#404
01-03-2023,AMZN,78.47,79.95,76.85,77.64,2412990,<NULL>
02-03-2023,AMZN,76.29,77.55,74.54,77.67,3389888,Corrupt$
03-03-2023,AMZN,76,77.01,74.97,74.24,3888669,N/A
04-03-2023,AMZN,71.28,72.06,70.69,71.93,4212983,Missing!
05-03-2023,AMZN,70.19,70.85,68.76,71.67,4472622,N/A
06-03-2023,AMZN,69.85,71.8,69.06,65.79,2970319,N/A
07-03-2023,AMZN,71.12,71.92,69.77,71.09,2599741,Corrupt$
08-03-2023,AMZN,72.84,73.43,71.23,72.72,2984319,Valid
09-03-2023,AMZN,75.48,77.43,73.81,75.56,2479681,Missing!
10-03-2023,AMZN,75.3,76.63,74.35,77.02,507711,Err#404
11-03-2023,AMZN,72.6,74.29,71.33,71.83,1766548,Valid
12-03-2023,AMZN,75.36,75.92,73.93,74.17,3315839,Valid
13-03-2023,AMZN,71.35,72.7,69.62,71.43,1250506,??Unknown??
14-03-2023,AMZN,70.78,71.88,69.14,71.9,3486189,<NULL>
15-03-2023,AMZN,73.63,75.28,71.64,74.18,4953293,Err#404
16-03-2023,AMZN,73.27,73.83,72.76,73.31,1373002,Corrupt$
17-03-2023,AMZN,72.66,73.76,71.51,72.43,4019983,<NULL>
18-03-2023,AMZN,71.01,72.71,70.13,69.01,4998178,??Unknown??
19-03-2023,AMZN,70.77,72.06,70.09,71.36,3782750,??Unknown??
20-03-2023,AMZN,74.98,76.31,73.11,75.69,2305166,<NULL>
21-03-2023,AMZN,72.41,73.05,70.41,71.72,1753159,N/A
22-03-2023,AMZN,75.12,75.82,74.35,74.66,3539933,Corrupt$
23-03-2023,AMZN,73.85,75.37,73.29,72.8,695507,Valid
24-03-2023,AMZN,69.66,71.18,68.75,70.53,965718,Missing!
25-03-2023,AMZN,71.83,73.8,70.08,,1675370,Valid
26-03-2023,AMZN,70.52,72.09,69.58,70.37,834267,Valid
27-03-2023,AMZN,70.63,71.87,70.04,71.25,4080697,N/A
28-03-2023,AMZN,72.82,74.6,72.24,73.14,3471413,Valid
29-03-2023,AMZN,72.46,73.12,71.32,,606948,Err#404
30-03-2023,AMZN,73.25,74.42,71.35,,2972385,Valid
31-03-2023,AMZN,70.95,71.88,70.02,,2137346,Valid
01-04-2023,AMZN,69.77,70.43,68.63,69.96,1879912,Err#404
02-04-2023,AMZN,71.39,73.04,70.74,71.84,1111442,N/A
03-04-2023,AMZN,64.9,66.16,63.66,65.4,4256082,??Unknown??
04-04-2023,AMZN,72.36,73.7,70.82,71.14,2815632,Corrupt$
05-04-2023,AMZN,70.06,71.17,69.15,69.46,3113137,N/A
06-04-2023,AMZN,65.38,66.57,64.44,,2232266,Valid
07-04-2023,AMZN,67.6,68.27,65.84,68.05,4822818,??Unknown??
08-04-2023,AMZN,74.22,75.73,73.7,75.82,3416561,Corrupt$
09-04-2023,AMZN,66.06,67.21,64.6,,4699287,Corrupt$
10-04-2023,AMZN,68.38,70.1,67.29,,1195269,Corrupt$
11-04-2023,AMZN,66.79,67.58,65.84,66.22,1525926,Err#404
12-04-2023,AMZN,65.89,66.69,64.4,67.26,3841280,Err#404
13-04-2023,AMZN,73.9,75.37,72.15,75.82,4322417,??Unknown??
14-04-2023,AMZN,68.05,69.82,66.71,66.3,4862110,Valid
15-04-2023,AMZN,67.09,68.3,66.55,66.77,3326866,<NULL>
16-04-2023,AMZN,65.34,66.93,64.15,62.99,3884754,??Unknown??
17-04-2023,AMZN,62.77,64.77,61.58,61.08,1141800,Valid
18-04-2023,AMZN,61.99,63.98,60.68,60.36,566786,N/A
19-04-2023,AMZN,65.09,66.7,63.58,65.71,2864054,<NULL>
20-04-2023,AMZN,63.14,64.75,62.61,63.58,1913387,Corrupt$
21-04-2023,AMZN,60.18,61.05,58.92,,4776977,Corrupt$
22-04-2023,AMZN,60.5,62.25,59.12,,2750056,Err#404
23-04-2023,AMZN,65.69,66.8,64.68,66.18,2856263,<NULL>
24-04-2023,AMZN,62.49,64.44,60.99,62.61,4089609,N/A
25-04-2023,AMZN,61.41,62.03,60.57,61.28,1793520,Missing!
26-04-2023,AMZN,56.18,57.33,55.2,57.2,3032230,N/A
27-04-2023,AMZN,61.68,63.01,59.73,61.69,4976176,Valid
28-04-2023,AMZN,66.12,67.23,65.1,66.64,4535702,N/A
29-04-2023,AMZN,63.84,64.65,62.82,61.5,4525725,<NULL>
30-04-2023,AMZN,61.86,63.25,60.46,60.68,933073,<NULL>
01-05-2023,AMZN,62.82,64.45,60.86,63.8,1969975,Err#404
02-05-2023,AMZN,62.33,63.79,60.35,61.66,981537,Valid
03-05-2023,AMZN,61.6,62.45,60.23,60.21,4429570,??Unknown??
04-05-2023,AMZN,61.08,62.68,60.58,61.72,2586866,Valid
05-05-2023,AMZN,63.71,64.6,61.86,,4029161,??Unknown??
06-05-2023,AMZN,60.93,61.69,59.57,60.52,3083092,Missing!
07-05-2023,AMZN,65.44,66.98,64.39,66.95,2317389,Valid
08-05-2023,AMZN,58.98,60.75,57.24,60.32,2075685,Corrupt$
09-05-2023,AMZN,58.55,59.77,57.45,58.36,1964308,Missing!
10-05-2023,AMZN,60.17,61.47,59.62,60.9,2476553,??Unknown??
11-05-2023,AMZN,52.7,53.65,50.96,50.46,1722178,Err#404
12-05-2023,AMZN,59.78,61.03,58.47,60.88,4688084,Missing!
13-05-2023,AMZN,59.26,59.96,58.26,58.18,4640946,Missing!
14-05-2023,AMZN,63.2,65.13,62.32,61.75,723626,Missing!
15-05-2023,AMZN,57.69,59.39,56.3,55.9,2833731,??Unknown??
16-05-2023,AMZN,59.35,60.85,58.54,57.49,4632313,??Unknown??
17-05-2023,AMZN,62.25,63.56,61.27,,2991231,Valid
18-05-2023,AMZN,58.18,59.86,56.72,58.81,3137588,Corrupt$
19-05-2023,AMZN,64.45,65.69,62.63,63.68,1603035,Missing!
20-05-2023,AMZN,56.41,57.36,55.11,57.27,4516384,Valid
21-05-2023,AMZN,60,60.74,58.36,59.41,2065831,Valid
22-05-2023,AMZN,61.87,63.34,60.22,62.19,4786258,Corrupt$
23-05-2023,AMZN,58.44,60.33,56.94,,1444545,Valid
24-05-2023,AMZN,60.92,61.65,60.05,60.8,783197,Corrupt$
25-05-2023,AMZN,62.29,63.06,60.49,61.39,1382816,Err#404
26-05-2023,AMZN,59.68,60.83,58.52,58.92,996626,Corrupt$
27-05-2023,AMZN,56.95,58.66,56.39,57.5,3814004,N/A
28-05-2023,AMZN,62.09,63.03,61.22,62.8,2246176,Corrupt$
29-05-2023,AMZN,61.61,62.49,59.96,61.2,4926719,Corrupt$
30-05-2023,AMZN,60.46,61.89,59.86,58.94,954318,<NULL>
31-05-2023,AMZN,60.49,61.8,59.77,62.96,3785091,N/A
01-06-2023,AMZN,57.48,58.07,55.94,57.52,778429,Corrupt$
02-06-2023,AMZN,63.24,63.86,61.4,63.55,1125329,??Unknown??
03-06-2023,AMZN,60.43,61.89,58.98,59.17,2423884,<NULL>
04-06-2023,AMZN,58.54,59.73,57.7,59.75,2127255,Valid
05-06-2023,AMZN,56.74,58.69,56.16,58.1,4695911,Valid
06-06-2023,AMZN,57.8,59.31,56.37,56.09,3648681,Err#404
07-06-2023,AMZN,57.61,58.13,57.04,57.51,1494426,Err#404
08-06-2023,AMZN,63.2,64.42,61.78,63.02,3445267,N/A
09-06-2023,AMZN,57.41,58.53,56.57,59.8,4371306,??Unknown??
10-06-2023,AMZN,58.57,59.23,56.72,60.02,3627813,Err#404
11-06-2023,AMZN,58.1,59.98,56.89,56.65,1411974,Valid
12-06-2023,AMZN,59.85,61.56,59.01,59.12,2161393,Err#404
13-06-2023,AMZN,64.76,65.61,62.98,63.87,3906820,Err#404
14-06-2023,AMZN,60.67,61.55,59.79,61.04,2948466,Corrupt$
15-06-2023,AMZN,60.83,61.37,59.87,62.4,1968084,Err#404
16-06-2023,AMZN,58.14,59.08,56.38,58.24,3166551,N/A
17-06-2023,AMZN,59.42,60.79,58.45,59.92,3590109,Valid
18-06-2023,AMZN,63.49,64.62,62.38,62.83,968897,N/A
19-06-2023,AMZN,62.92,64.87,61.9,63.41,3872053,<NULL>
20-06-2023,AMZN,58.91,59.49,58.23,58.44,4995939,N/A
21-06-2023,AMZN,58.69,60.08,58.14,57.05,3662633,Missing!
22-06-2023,AMZN,58.48,60.27,56.89,58.91,1673767,??Unknown??
23-06-2023,AMZN,56.21,57.43,54.74,56.2,3803034,<NULL>
24-06-2023,AMZN,56.98,57.49,56.06,55.89,566538,<NULL>
25-06-2023,AMZN,63.36,64.22,62.42,65.01,2428347,Missing!
26-06-2023,AMZN,56.94,57.93,55.03,56.18,2859177,Missing!
27-06-2023,AMZN,50.77,52.72,48.79,51.38,4889696,Corrupt$
28-06-2023,AMZN,56.24,58.1,55.03,55.87,1677569,N/A
29-06-2023,AMZN,59.18,61.11,57.48,60.73,3394914,??Unknown??
30-06-2023,AMZN,50.13,51.87,48.53,49.89,4841387,Valid
01-07-2023,AMZN,51.91,52.94,50.96,50.23,1632113,Valid
02-07-2023,AMZN,57.41,59.27,56.82,58.22,931508,??Unknown??
03-07-2023,AMZN,51.5,53.47,50.78,53.04,636322,<NULL>
04-07-2023,AMZN,53.4,54.43,51.64,,758116,N/A
05-07-2023,AMZN,49.96,50.85,48.36,50.64,4455449,N/A
06-07-2023,AMZN,53.95,55.27,52.45,54.08,2630239,Corrupt$
07-07-2023,AMZN,53.57,54.35,52.88,53.19,2633520,Corrupt$
08-07-2023,AMZN,49.74,50.29,48.28,,2193512,Missing!
09-07-2023,AMZN,49.65,51.57,47.99,48.85,3736421,Valid
10-07-2023,AMZN,52.34,54.23,50.55,52.37,3297678,Corrupt$
11-07-2023,AMZN,51.36,52.1,50.84,51.61,2753557,??Unknown??
12-07-2023,AMZN,53.42,54.53,51.89,53.64,2368058,Valid
13-07-2023,AMZN,60.24,61.98,59.71,59.46,2170663,<NULL>
14-07-2023,AMZN,59,60.49,57.44,61.06,3267189,<NULL>
15-07-2023,AMZN,51.85,52.94,50.39,53.11,3470993,N/A
16-07-2023,AMZN,52.64,54.26,51.92,53.63,2056610,Valid
17-07-2023,AMZN,54.05,55.89,52.4,55.48,2336301,Err#404
18-07-2023,AMZN,50.14,52.03,49.54,50.21,3537099,Valid
19-07-2023,AMZN,53.74,54.8,52,53.36,2047053,Corrupt$
20-07-2023,AMZN,49.64,50.4,48.75,48.55,811356,??Unknown??
21-07-2023,AMZN,56.81,58.68,55.27,56.1,3598787,N/A
22-07-2023,AMZN,58.03,58.67,56.14,57.02,3721004,N/A
23-07-2023,AMZN,62.79,64.38,61.78,62.27,3358968,Corrupt$
24-07-2023,AMZN,57.82,58.53,56.57,58.1,4644101,Corrupt$
25-07-2023,AMZN,56.15,57.24,54.96,57.07,4069073,Corrupt$
26-07-2023,AMZN,60.98,62.1,60.25,61.87,4536454,Err#404
27-07-2023,AMZN,63.37,64.11,61.99,62.2,2694999,??Unknown??
28-07-2023,AMZN,62.23,64.11,60.61,,1277725,Err#404
29-07-2023,AMZN,61.8,62.3,59.92,62.94,1843961,Corrupt$
30-07-2023,AMZN,62.64,64.48,60.86,62.39,4004043,??Unknown??
31-07-2023,AMZN,61.03,62.86,59.77,62.23,4315922,<NULL>
01-08-2023,AMZN,57.37,58.34,55.79,58.24,759966,<NULL>
02-08-2023,AMZN,55.53,57.08,53.83,54.26,2231126,Corrupt$
03-08-2023,AMZN,58.06,58.94,56.82,60.25,4767136,??Unknown??
04-08-2023,AMZN,57.89,59.53,57.21,57.17,1832103,N/A
05-08-2023,AMZN,59.2,60.54,58.04,60.16,4412062,Err#404
06-08-2023,AMZN,56.88,57.83,55.11,57.8,2983587,Missing!
07-08-2023,AMZN,55.5,56.6,54.1,54.27,4587892,Corrupt$
08-08-2023,AMZN,60.64,62.17,59.05,60.82,4681717,Corrupt$
09-08-2023,AMZN,58.24,60.1,57.46,59.15,1924820,Valid
10-08-2023,AMZN,59.51,60.2,57.56,,2288976,Missing!
11-08-2023,AMZN,60.86,62.22,59.75,60.96,4064610,N/A
12-08-2023,AMZN,60.1,60.98,58.62,61.1,2530934,Corrupt$
13-08-2023,AMZN,58.71,60.41,58.18,59.76,3774272,Err#404
14-08-2023,AMZN,58.23,58.83,57.53,57.83,2518422,N/A
15-08-2023,AMZN,57.58,59.11,55.91,59.13,2634707,Corrupt$
16-08-2023,AMZN,58.82,59.59,56.87,60.13,2259144,Err#404
17-08-2023,AMZN,57.69,59.09,56.71,57.93,1318838,Valid
18-08-2023,AMZN,57.83,59.59,57.28,57.18,4681497,Valid
19-08-2023,AMZN,61.65,63.28,60.61,60.48,3339173,<NULL>
20-08-2023,AMZN,58.47,60.1,57.94,58.84,3058485,Err#404
21-08-2023,AMZN,51.63,52.91,50.84,53.1,4382224,N/A
22-08-2023,AMZN,63.01,64.84,61.38,62.86,2889580,Err#404
23-08-2023,AMZN,55.53,56.91,53.63,54.67,3272683,Missing!
24-08-2023,AMZN,54.89,56.77,54.26,55.72,2425635,Err#404
25-08-2023,AMZN,52.27,53.59,50.94,52.45,2480413,Valid
26-08-2023,AMZN,53.7,54.96,52.82,54.21,4783327,Valid
27-08-2023,AMZN,56.12,56.96,55.41,55.6,4859076,Valid
28-08-2023,AMZN,58.96,60.28,58.13,58.59,1590092,Missing!
29-08-2023,AMZN,54.2,54.91,52.83,53.67,3604490,Corrupt$
30-08-2023,AMZN,55.73,57.53,55.13,56.22,4949927,<NULL>
31-08-2023,AMZN,58.78,60.29,57.63,58.44,3136455,Missing!
01-09-2023,AMZN,54.63,56.62,53.93,55.22,2301220,Corrupt$
02-09-2023,AMZN,55.3,55.94,54.39,54.68,4655035,Missing!
03-09-2023,AMZN,51.71,52.57,50.92,52.21,4060180,??Unknown??
04-09-2023,AMZN,59.87,61.68,58.04,60.57,4253206,Corrupt$
05-09-2023,AMZN,58.42,59.52,56.86,58.75,2591862,N/A
06-09-2023,AMZN,57.42,58.62,55.62,58.34,1463208,N/A
07-09-2023,AMZN,55.73,57.52,54.66,55.25,1635583,<NULL>
08-09-2023,AMZN,57.44,58.73,56.47,58.14,4326994,Valid
09-09-2023,AMZN,57.69,58.48,56.61,57.92,1242003,Missing!
10-09-2023,AMZN,57.04,58.88,56.52,56.24,1557721,Err#404
11-09-2023,AMZN,61.22,61.77,59.64,59.32,518226,Valid
12-09-2023,AMZN,54.73,56.57,53.7,53.03,3910674,<NULL>
13-09-2023,AMZN,61.67,62.25,60.7,59.46,3145559,Err#404
14-09-2023,AMZN,60.32,61.82,58.92,60.74,1612136,Missing!
15-09-2023,AMZN,52.84,53.45,51.69,52.52,3891469,Valid
16-09-2023,AMZN,55.49,57.05,53.52,55.57,4393809,Valid
17-09-2023,AMZN,52.87,53.42,51.84,52.69,4101070,N/A
18-09-2023,AMZN,54.95,56.71,53.53,55.53,1095929,Err#404
19-09-2023,AMZN,54.41,55.61,53.44,55.02,551712,??Unknown??
20-09-2023,AMZN,58.63,59.27,56.65,58.67,1475288,??Unknown??
21-09-2023,AMZN,56.69,58.25,55.52,56.79,4300101,Valid
22-09-2023,AMZN,57.6,58.83,56.15,57.74,4809582,Missing!
23-09-2023,AMZN,57.12,57.91,56.43,58.51,2762353,Valid
24-09-2023,AMZN,55.64,56.16,54.04,53.63,3408096,<NULL>
25-09-2023,AMZN,60.26,61.38,59.35,59.59,4272093,N/A
26-09-2023,AMZN,55.1,55.72,53.92,55.96,1234391,<NULL>
27-09-2023,AMZN,56.95,57.59,55.13,58.06,1812784,Err#404
28-09-2023,AMZN,52.1,53,50.14,52.53,3828367,<NULL>
29-09-2023,AMZN,50.77,52.22,49.63,50.59,1881872,Valid
30-09-2023,AMZN,52.6,53.89,50.85,54.46,3083896,<NULL>
01-10-2023,AMZN,53.71,54.31,53.13,53.89,821064,Missing!
02-10-2023,AMZN,57.12,59.08,55.35,57.16,3185400,??Unknown??
03-10-2023,AMZN,55.13,56.96,53.69,56.46,622994,Err#404
04-10-2023,AMZN,56.31,57.2,55.08,56.79,1843348,Valid
05-10-2023,AMZN,57.28,57.96,55.45,,2382460,Err#404
06-10-2023,AMZN,54.96,56.88,53.2,56.02,1897581,N/A
07-10-2023,AMZN,56.99,58.18,56.04,56.61,527949,<NULL>
08-10-2023,AMZN,59.78,60.74,58.09,61.54,1751260,??Unknown??
09-10-2023,AMZN,56.37,57.61,55.72,53.91,2932833,Missing!
10-10-2023,AMZN,62.86,64.52,61.12,60.88,878147,Err#404
11-10-2023,AMZN,59.16,59.91,57.64,58.48,2330662,??Unknown??
12-10-2023,AMZN,56.58,58.23,55.95,56.15,1524483,<NULL>
13-10-2023,AMZN,60.54,62.17,59.02,60.91,1074989,Valid
14-10-2023,AMZN,58.77,60.08,57.4,58.08,1336943,Missing!
15-10-2023,AMZN,59.32,61.12,57.92,59.3,3008648,Missing!
16-10-2023,AMZN,60.74,61.44,59.81,60.54,3685155,Corrupt$
17-10-2023,AMZN,60.22,61.61,59.32,,4791484,Err#404
18-10-2023,AMZN,56.99,58.16,55.35,56.18,1127838,??Unknown??
19-10-2023,AMZN,57.05,58.18,56.16,55.37,4570199,Err#404
20-10-2023,AMZN,57.33,58.21,56.16,58.45,1626528,Valid
21-10-2023,AMZN,61.03,62.09,59.49,60.32,4760350,Valid
22-10-2023,AMZN,59.57,60.23,58.95,59.48,2370208,<NULL>
23-10-2023,AMZN,61.46,62.34,60.07,60.81,3212510,Missing!
24-10-2023,AMZN,62.98,63.89,61.59,63.72,1334754,Missing!
25-10-2023,AMZN,63.49,65.07,61.96,62.11,3715974,??Unknown??
26-10-2023,AMZN,61.55,62.13,60.5,58.76,3137023,N/A
27-10-2023,AMZN,56.48,57.95,55.3,57.77,1893440,Err#404
28-10-2023,AMZN,64.9,65.73,63.91,65.15,948431,Err#404
29-10-2023,AMZN,59.16,59.78,57.45,60.23,2228789,Valid
30-10-2023,AMZN,57.97,58.92,57.28,59.23,899325,Err#404
31-10-2023,AMZN,66.05,66.89,64.11,65.14,2919053,??Unknown??
01-11-2023,AMZN,62.85,64.18,61.4,,1811958,Corrupt$
02-11-2023,AMZN,63.14,64.18,61.31,63.65,3242710,Missing!
03-11-2023,AMZN,62.44,64.39,61.3,62.33,515064,Valid
04-11-2023,AMZN,62.75,64.7,61.76,62.44,4306708,Missing!
05-11-2023,AMZN,61.2,62.37,59.35,60.99,1159830,Missing!
06-11-2023,AMZN,62.66,64.35,62.01,63.75,1439507,Missing!
07-11-2023,AMZN,62.32,62.84,61.64,62.06,1887979,Corrupt$
08-11-2023,AMZN,61.51,62.83,60.56,62.11,1136480,Err#404
09-11-2023,AMZN,61.6,63.21,59.66,,1907296,N/A
10-11-2023,AMZN,59.07,59.9,57.62,58.11,3226921,Missing!
11-11-2023,AMZN,62.59,63.19,61.26,62.9,1711694,??Unknown??
12-11-2023,AMZN,63.12,63.86,61.56,61.58,970471,Missing!
13-11-2023,AMZN,65.87,67.03,64.74,66.27,1386357,Missing!
14-11-2023,AMZN,62.11,63.37,60.47,,1871028,Err#404
15-11-2023,AMZN,61.58,62.66,60.5,62.71,956435,<NULL>
16-11-2023,AMZN,65.08,66.24,63.34,,1038359,??Unknown??
17-11-2023,AMZN,65.13,66.34,64.23,64.6,2969536,Err#404
18-11-2023,AMZN,65.2,66.85,64.28,65.48,3708136,Missing!
19-11-2023,AMZN,63.86,64.52,62.58,63.39,2616310,<NULL>
20-11-2023,AMZN,65.95,67.6,64.8,64.02,1044162,Err#404
21-11-2023,AMZN,64.84,66.37,63.37,64.3,4933443,Err#404
22-11-2023,AMZN,65.15,66.76,64.11,65.43,3968454,Valid
23-11-2023,AMZN,63.55,65.15,62.71,64.62,4816907,Corrupt$
24-11-2023,AMZN,63.12,64.33,61.92,64.81,1482207,<NULL>
25-11-2023,AMZN,63.62,64.44,62.28,63.74,1963497,N/A
26-11-2023,AMZN,68.15,69.46,67.44,,4239397,<NULL>
27-11-2023,AMZN,62.97,64.91,61.64,63.93,3821453,Corrupt$
28-11-2023,AMZN,65.84,67.22,64.86,,1278873,Corrupt$
29-11-2023,AMZN,63.29,63.8,62.2,62.27,966548,??Unknown??
30-11-2023,AMZN,63.88,64.47,62.96,63.98,2932095,Valid
01-12-2023,AMZN,64.68,66.67,62.79,66.24,4117257,Valid
02-12-2023,AMZN,61.71,62.32,60.19,,2900834,Err#404
03-12-2023,AMZN,62.86,63.43,61.96,63.19,3096057,Corrupt$
04-12-2023,AMZN,58.62,59.65,57.15,58.39,3857198,<NULL>
05-12-2023,AMZN,61.74,63.7,59.97,62.17,4080176,N/A
06-12-2023,AMZN,59.01,59.99,57.91,58.41,620026,??Unknown??
07-12-2023,AMZN,60.61,61.72,58.86,,946295,<NULL>
08-12-2023,AMZN,63.04,64.49,62.3,62.34,3277540,Valid
09-12-2023,AMZN,58.48,59.02,56.75,59.82,4212151,Err#404
10-12-2023,AMZN,62.23,64.08,60.92,61.39,3729198,N/A
11-12-2023,AMZN,59.82,61.1,58.99,59.43,3365530,Corrupt$
12-12-2023,AMZN,59.6,60.8,58.49,60.07,1594526,<NULL>
13-12-2023,AMZN,63.32,65.11,61.34,62.44,4356811,N/A
14-12-2023,AMZN,62.06,63.99,60.39,62.29,2875521,Valid
15-12-2023,AMZN,62.73,63.87,61.37,62.96,993466,??Unknown??
16-12-2023,AMZN,62.27,63.03,61.6,61.65,4774015,<NULL>
17-12-2023,AMZN,62.04,63.76,60.91,61.78,2738275,Corrupt$
18-12-2023,AMZN,59.08,60.18,58.18,58.13,4425300,??Unknown??
19-12-2023,AMZN,63.09,64.99,62.48,64.47,4330278,Missing!
20-12-2023,AMZN,63.99,65.91,62.68,64.25,733597,N/A
21-12-2023,AMZN,61.95,62.62,60.12,60.9,3145348,N/A
22-12-2023,AMZN,61.53,63.46,60.01,61.65,3504494,Err#404
23-12-2023,AMZN,65.37,66.42,64.49,65.54,3375780,Corrupt$
24-12-2023,AMZN,59.31,60.78,57.95,57.07,4613942,N/A
25-12-2023,AMZN,62.29,62.84,60.37,63.63,3397596,Valid
26-12-2023,AMZN,62.74,64.57,61.15,61.75,2614564,Missing!
27-12-2023,AMZN,65.34,66.8,63.8,67.43,3610806,Valid
28-12-2023,AMZN,61.27,62.74,59.32,62.07,767800,??Unknown??
29-12-2023,AMZN,62.08,63.93,60.38,60.95,3075326,Missing!
30-12-2023,AMZN,66.11,67.37,65.41,65.8,1957556,Missing!
31-12-2023,AMZN,63.96,65.07,62.93,64.88,2167349,Valid
01-01-2023,MSFT,121.77,122.66,120.85,122.24,1771028,N/A
02-01-2023,MSFT,116.77,118.6,114.97,116.51,583086,Valid
03-01-2023,MSFT,119.22,121.19,117.81,117.98,4974702,Corrupt$
04-01-2023,MSFT,119.73,120.97,119.23,118.51,2551763,??Unknown??
05-01-2023,MSFT,119.22,121.12,117.51,117.6,3134366,<NULL>
06-01-2023,MSFT,120.4,120.9,119.4,120.61,4103208,Missing!
07-01-2023,MSFT,123.84,125.68,122.86,124,1008237,Corrupt$
08-01-2023,MSFT,120.67,121.64,119.6,121.34,3384509,N/A
09-01-2023,MSFT,120.4,121.37,118.96,119.9,1537711,N/A
10-01-2023,MSFT,123.15,124,121.99,121.42,1678825,Valid
11-01-2023,MSFT,122.21,123.19,120.77,,1716396,Err#404
12-01-2023,MSFT,126.39,127.21,125.67,126.4,534187,Missing!
13-01-2023,MSFT,122.07,123.93,120.11,120.9,2640987,Missing!
14-01-2023,MSFT,122.23,124.08,120.64,121.16,3907931,Err#404
15-01-2023,MSFT,121.34,121.99,120.46,121.79,2042620,N/A
16-01-2023,MSFT,122.98,123.69,121.39,123.08,1765365,N/A
17-01-2023,MSFT,117.91,119.7,116.55,119.04,3672963,<NULL>
18-01-2023,MSFT,116.48,117.58,115.81,118.2,3215648,<NULL>
19-01-2023,MSFT,122.24,122.99,121.47,120.74,567114,Missing!
20-01-2023,MSFT,118.3,119.56,117.74,117.88,3250631,<NULL>
21-01-2023,MSFT,122.07,123.2,120.36,122.19,1932609,<NULL>
22-01-2023,MSFT,114.5,115.33,113.18,114.87,4427073,??Unknown??
23-01-2023,MSFT,113.16,114.74,112.19,114.18,1580736,Missing!
24-01-2023,MSFT,118.71,120.16,118.02,119.44,3482595,N/A
25-01-2023,MSFT,116.01,116.66,114.79,117.15,1419284,N/A
26-01-2023,MSFT,124.08,125.96,122.79,124.14,4609811,<NULL>
27-01-2023,MSFT,119.28,120.62,117.73,118.65,4492910,??Unknown??
28-01-2023,MSFT,116.9,117.78,114.95,118.85,3034867,<NULL>
29-01-2023,MSFT,118.98,119.79,117.83,119.14,902016,<NULL>
30-01-2023,MSFT,119.01,119.71,117.9,118.77,2668127,Corrupt$
31-01-2023,MSFT,117.5,118.63,116.44,116.43,2135543,Corrupt$
01-02-2023,MSFT,116.73,117.43,114.99,116.89,4760085,??Unknown??
02-02-2023,MSFT,116.23,117.36,115.5,117.24,4964878,??Unknown??
03-02-2023,MSFT,120.57,121.29,119.55,120.07,966935,Corrupt$
04-02-2023,MSFT,121.96,123.45,120.37,121.83,4923638,Corrupt$
05-02-2023,MSFT,119.01,120.68,118.48,119.26,729652,Corrupt$
06-02-2023,MSFT,120.62,121.94,119.69,121.09,3674332,Corrupt$
07-02-2023,MSFT,121.29,122.81,119.83,121.03,1586445,Missing!
08-02-2023,MSFT,122.74,124.65,121.96,122.35,3267049,Missing!
09-02-2023,MSFT,118.53,119.98,117.57,118.02,4313589,<NULL>
10-02-2023,MSFT,118.46,119.5,117.23,117.35,3375997,Valid
11-02-2023,MSFT,125.6,126.77,124.46,124.83,3240701,<NULL>
12-02-2023,MSFT,118.54,120.33,117.88,117.74,2446698,??Unknown??
13-02-2023,MSFT,120.02,120.72,118.12,118.48,930037,Err#404
14-02-2023,MSFT,120.23,121.22,119.66,121.22,2984888,Valid
15-02-2023,MSFT,119.24,120.6,117.61,119.6,3913945,Err#404
16-02-2023,MSFT,123.13,124.65,122.52,123.27,3629485,Err#404
17-02-2023,MSFT,124.34,125.98,123.14,125.64,3925973,N/A
18-02-2023,MSFT,126.76,127.73,125.99,,1119165,??Unknown??
19-02-2023,MSFT,122.43,123.14,121.71,121.64,2866609,Missing!
20-02-2023,MSFT,122.45,124.38,121.76,123.62,4753972,Valid
21-02-2023,MSFT,126.72,127.34,125.54,127.69,854100,<NULL>
22-02-2023,MSFT,122.03,122.67,120.75,120.91,3236527,??Unknown??
23-02-2023,MSFT,130.43,131.67,129.73,131.33,4262691,Corrupt$
24-02-2023,MSFT,124.72,126.45,122.75,124.25,4785938,??Unknown??
25-02-2023,MSFT,126.95,128.62,126.07,127.95,4803423,Err#404
26-02-2023,MSFT,127.12,129.03,125.94,126.79,1453487,Missing!
27-02-2023,MSFT,123.94,124.65,123.11,123.4,4079253,Corrupt$
28-02-2023,MSFT,126.5,127.57,125.26,126.07,4724019,??Unknown??
01-03-2023,MSFT,126.75,127.67,125.12,125.78,1453919,??Unknown??
02-03-2023,MSFT,129.52,131.31,128.24,128.04,4912704,Missing!
03-03-2023,MSFT,131.38,132.61,130.45,128.88,2049904,Err#404
04-03-2023,MSFT,122.86,123.4,121.99,121.81,1159012,<NULL>
05-03-2023,MSFT,127.39,128.95,125.75,130.02,4458457,Corrupt$
06-03-2023,MSFT,122.65,123.74,121.98,123.13,3874758,Err#404
07-03-2023,MSFT,119.53,120.83,118.48,121.39,2742027,Missing!
08-03-2023,MSFT,120.67,122.51,119.95,120.35,4962755,??Unknown??
09-03-2023,MSFT,118.39,119.28,117.5,117.92,1477987,<NULL>
10-03-2023,MSFT,118.55,119.41,117.82,120.27,3546230,Valid
11-03-2023,MSFT,119.04,119.94,117.21,119.42,2288734,Valid
12-03-2023,MSFT,125.89,126.89,124.29,124.93,960287,N/A
13-03-2023,MSFT,124.61,125.27,123.27,125.25,3916599,Valid
14-03-2023,MSFT,122.86,124.4,122.02,124.11,2783630,Missing!
15-03-2023,MSFT,128.85,129.66,127.59,127.43,2090196,Missing!
16-03-2023,MSFT,124.35,126.24,123.07,124.82,4845701,Missing!
17-03-2023,MSFT,126.72,127.54,125.34,125.36,4310301,Corrupt$
18-03-2023,MSFT,125.45,126.34,124.86,126.65,1014507,N/A
19-03-2023,MSFT,122.77,123.72,120.81,123,3044398,Corrupt$
20-03-2023,MSFT,126.88,128.53,125.68,127.51,1643771,<NULL>
21-03-2023,MSFT,122.56,123.7,120.67,122.34,889288,Valid
22-03-2023,MSFT,123.71,125.44,123.2,121.93,1299428,<NULL>
23-03-2023,MSFT,125.98,127.65,125.11,125.54,3618020,Valid
24-03-2023,MSFT,126.42,128.31,125.76,127.35,1338917,??Unknown??
25-03-2023,MSFT,126.13,127.76,124.47,128.12,547830,Corrupt$
26-03-2023,MSFT,121.69,122.27,120.71,121.97,1344004,Err#404
27-03-2023,MSFT,117.18,118.94,115.42,116.49,3314073,<NULL>
28-03-2023,MSFT,121.03,122.93,119.28,121.56,2215027,??Unknown??
29-03-2023,MSFT,120.77,122.76,119.27,121.61,3957134,Corrupt$
30-03-2023,MSFT,116.33,117.02,114.83,116.47,2209959,Missing!
31-03-2023,MSFT,120.22,121.64,118.67,120.3,3666271,N/A
01-04-2023,MSFT,120.79,121.59,119.28,121.01,4098973,<NULL>
02-04-2023,MSFT,117.27,118.17,116.19,117.32,4534331,Corrupt$
03-04-2023,MSFT,118.94,120.56,117.42,119.24,1459841,N/A
04-04-2023,MSFT,118.87,120.84,117.02,120.7,1689611,<NULL>
05-04-2023,MSFT,120.46,121.85,119.46,118.43,1169156,N/A
06-04-2023,MSFT,120.1,121.88,118.19,119.86,572613,<NULL>
07-04-2023,MSFT,118.31,118.83,117.79,,4248078,Valid
08-04-2023,MSFT,122.42,122.97,121.39,123.6,1813981,Err#404
09-04-2023,MSFT,119.95,121.34,119.25,119.8,1299829,<NULL>
10-04-2023,MSFT,116.95,118.03,116.26,117.51,2002228,Corrupt$
11-04-2023,MSFT,120.71,122.54,118.98,122.13,1377237,Err#404
12-04-2023,MSFT,124.48,125.43,122.6,,1519198,N/A
13-04-2023,MSFT,121.86,123.01,120.2,121.34,4982205,Valid
14-04-2023,MSFT,121.34,122.63,119.38,122.67,4949760,<NULL>
15-04-2023,MSFT,120.12,121.03,119.29,119,1270376,Err#404
16-04-2023,MSFT,122.24,124.1,121.53,121.75,2115263,??Unknown??
17-04-2023,MSFT,123.5,124.7,122.22,121.9,1129275,N/A
18-04-2023,MSFT,126.21,127.35,124.47,127.58,3996544,??Unknown??
19-04-2023,MSFT,125.91,127.69,125.35,125.33,1322317,Missing!
20-04-2023,MSFT,125.18,126.15,123.19,125.53,2618309,Err#404
21-04-2023,MSFT,126.11,127.84,124.71,126.79,2616826,Err#404
22-04-2023,MSFT,129.15,129.83,127.18,128.35,774722,Err#404
23-04-2023,MSFT,129.98,130.76,128.94,128.08,2468331,Missing!
24-04-2023,MSFT,128.58,130.5,127.39,128.36,3304716,Corrupt$
25-04-2023,MSFT,122.13,123.9,120.5,121.9,3539247,N/A
26-04-2023,MSFT,125.4,126.48,123.71,125.34,1216300,N/A
27-04-2023,MSFT,122.02,123.48,121.17,121.97,4131459,<NULL>
28-04-2023,MSFT,124.51,126.42,122.61,124.01,2176093,<NULL>
29-04-2023,MSFT,126.29,127.1,124.49,125.75,643274,<NULL>
30-04-2023,MSFT,126.8,127.38,126.27,127.09,3091318,N/A
01-05-2023,MSFT,127.32,128.62,126.63,126.49,2983277,Corrupt$
02-05-2023,MSFT,125.59,126.3,124.34,125.49,1019071,Err#404
03-05-2023,MSFT,124.13,124.91,122.94,123.56,722274,Err#404
04-05-2023,MSFT,123.1,124.94,121.54,123.4,3796090,Missing!
05-05-2023,MSFT,124.61,125.12,123.97,125.72,4581362,??Unknown??
06-05-2023,MSFT,124.9,126.62,123.43,126.05,755672,Corrupt$
07-05-2023,MSFT,121.84,123.12,120.42,123.13,4285152,Valid
08-05-2023,MSFT,124.78,126.12,123.93,124.45,650468,Corrupt$
09-05-2023,MSFT,121.37,122.87,120.05,121.12,954064,Missing!
10-05-2023,MSFT,124.2,125.35,123.36,122.93,2657682,??Unknown??
11-05-2023,MSFT,122.57,123.24,121.85,122.23,2191043,??Unknown??
12-05-2023,MSFT,126.81,127.47,125.45,126.51,527122,<NULL>
13-05-2023,MSFT,126.09,127.73,124.13,125.48,1178627,<NULL>
14-05-2023,MSFT,127.48,128.31,126.62,,4283287,??Unknown??
15-05-2023,MSFT,128.27,128.81,127.24,126.57,1162448,Err#404
16-05-2023,MSFT,126.54,128.5,125.65,125.19,1938448,Valid
17-05-2023,MSFT,129.59,131.56,128.69,129.63,3634112,??Unknown??
18-05-2023,MSFT,125.39,126.46,124.29,125.48,4351304,N/A
19-05-2023,MSFT,126.84,127.38,125.29,127.32,3551245,Err#404
20-05-2023,MSFT,128.37,129.97,127.82,128.12,4366350,Valid
21-05-2023,MSFT,122.77,124.52,120.84,122.79,632508,N/A
22-05-2023,MSFT,125.35,126.04,124.78,126.6,4019073,Valid
23-05-2023,MSFT,126.04,126.75,124.22,125.99,850161,Missing!
24-05-2023,MSFT,128.78,130.51,126.94,128.15,1906725,Valid
25-05-2023,MSFT,129.76,131.65,128.48,128.57,584403,N/A
26-05-2023,MSFT,127.23,128.92,126.53,128.03,1916743,Corrupt$
27-05-2023,MSFT,131.58,132.38,130.23,129.88,914429,Valid
28-05-2023,MSFT,127.5,128.62,126.06,126.66,3799337,Corrupt$
29-05-2023,MSFT,126.92,128.32,125.14,127.34,2000996,Valid
30-05-2023,MSFT,129.58,130.32,128.25,127.67,4410920,Missing!
31-05-2023,MSFT,129.49,130.3,128.37,128.87,1605340,N/A
01-06-2023,MSFT,123.9,124.83,122.15,124.03,1591426,Valid
02-06-2023,MSFT,127.09,128.35,125.12,126.71,4297187,??Unknown??
03-06-2023,MSFT,125.81,127.08,124.35,124.83,3393434,Missing!
04-06-2023,MSFT,124.19,125.91,122.38,,3343749,??Unknown??
05-06-2023,MSFT,123.69,125.31,122.29,124.5,1002704,Missing!
06-06-2023,MSFT,120.03,121.9,118.5,121.86,3842310,Missing!
07-06-2023,MSFT,120.49,122.24,118.96,120.63,4326920,<NULL>
08-06-2023,MSFT,119.54,120.42,117.99,117.55,3873546,Valid
09-06-2023,MSFT,121.62,122.61,120.63,122.18,3209266,N/A
10-06-2023,MSFT,119.44,120.69,118.08,119.04,3350442,<NULL>
11-06-2023,MSFT,125.68,126.2,124.28,124.58,1163778,N/A
12-06-2023,MSFT,127.4,129.26,126.43,126.6,2196016,Err#404
13-06-2023,MSFT,125.52,126.09,124.5,124.77,1273205,N/A
14-06-2023,MSFT,123.01,123.99,121.36,121.59,2946804,Corrupt$
15-06-2023,MSFT,121.97,123.32,120.59,121.9,3643526,Valid
16-06-2023,MSFT,123.65,124.93,122.92,125.48,899104,??Unknown??
17-06-2023,MSFT,123.46,124.94,121.7,122.36,2535334,N/A
18-06-2023,MSFT,124.35,125.65,122.53,126.15,1930954,??Unknown??
19-06-2023,MSFT,124.8,125.65,123.6,125.01,3467429,Err#404
20-06-2023,MSFT,123.87,124.67,123.06,123.78,2522130,Valid
21-06-2023,MSFT,121.9,123.76,119.97,121.57,2703899,N/A
22-06-2023,MSFT,115.49,116.38,113.66,114.68,522036,<NULL>
23-06-2023,MSFT,116.85,117.77,115.98,117.14,3150786,??Unknown??
24-06-2023,MSFT,116.96,118.07,116.31,117.48,2591271,<NULL>
25-06-2023,MSFT,113.57,114.28,112.41,111.14,2885987,Missing!
26-06-2023,MSFT,116.07,117.33,114.55,118.61,3925858,<NULL>
27-06-2023,MSFT,118.02,119.52,117.26,116.21,2231782,N/A
28-06-2023,MSFT,119.73,121.41,118.46,119.21,2384673,Err#404
29-06-2023,MSFT,118.78,120.35,117.64,116.22,4283424,<NULL>
30-06-2023,MSFT,117.54,118.26,115.7,117.27,3095173,Missing!
01-07-2023,MSFT,117.04,118.23,115.9,116.58,2122918,??Unknown??
02-07-2023,MSFT,121.33,121.89,120.03,120.82,1718135,??Unknown??
03-07-2023,MSFT,118.6,119.13,116.67,118.9,902628,Valid
04-07-2023,MSFT,119.74,120.9,118.79,119.5,2255409,<NULL>
05-07-2023,MSFT,121.41,122.29,120.48,121.95,2663705,<NULL>
06-07-2023,MSFT,119.56,121.08,117.86,118.32,2867008,Valid
07-07-2023,MSFT,118.27,119.86,117.35,118.35,2875113,??Unknown??
08-07-2023,MSFT,118.23,120.07,116.48,117.6,855760,Missing!
09-07-2023,MSFT,116.79,118.43,116.15,116.42,3019494,<NULL>
10-07-2023,MSFT,117.92,118.49,117.25,118.19,4338550,Valid
11-07-2023,MSFT,122.88,123.94,121.03,122.38,3355467,??Unknown??
12-07-2023,MSFT,118.57,119.48,117.25,118.46,3341423,Missing!
13-07-2023,MSFT,119.57,120.65,118,118.42,1135318,Corrupt$
14-07-2023,MSFT,121.44,122.18,120.6,122.54,1141673,N/A
15-07-2023,MSFT,121.31,121.96,120.56,122.04,4723334,<NULL>
16-07-2023,MSFT,125.88,127.16,124.12,,1592643,Corrupt$
17-07-2023,MSFT,122.33,123.91,121.29,122.08,3106113,Corrupt$
18-07-2023,MSFT,121.86,123.41,120.68,121.76,3519863,N/A
19-07-2023,MSFT,121.2,122.38,120.66,122.28,3410223,??Unknown??
20-07-2023,MSFT,122.18,123.46,121.1,122.84,2073284,??Unknown??
21-07-2023,MSFT,125.86,127.14,124.21,126.95,987976,Valid
22-07-2023,MSFT,125.67,127.21,123.94,125.33,519198,Err#404
23-07-2023,MSFT,127.78,128.36,126.24,128.27,1631527,??Unknown??
24-07-2023,MSFT,126.04,127.6,124.5,127.23,4407031,N/A
25-07-2023,MSFT,124.53,125.9,123.27,123.6,570511,Err#404
26-07-2023,MSFT,125.4,126.2,124.09,124.41,3929203,N/A
27-07-2023,MSFT,118.38,118.96,116.77,118.66,2876189,N/A
28-07-2023,MSFT,122.58,123.25,121.71,121.35,2793137,N/A
29-07-2023,MSFT,120.46,121.75,119.62,118.65,518243,<NULL>
30-07-2023,MSFT,122.48,124.12,120.56,123.66,4185551,<NULL>
31-07-2023,MSFT,118.77,119.77,118.23,120.12,4102147,Err#404
01-08-2023,MSFT,121.91,122.98,121.2,120.73,2536677,Corrupt$
02-08-2023,MSFT,120.82,122.72,119.46,119.38,4552455,<NULL>
03-08-2023,MSFT,121.96,122.78,120.35,121.31,1386801,Missing!
04-08-2023,MSFT,123.11,123.76,121.8,124.36,1764534,N/A
05-08-2023,MSFT,130.07,131.09,129.04,129.66,3921218,<NULL>
06-08-2023,MSFT,125.57,127.19,123.6,125.66,1203365,Valid
07-08-2023,MSFT,131.17,132.61,129.61,131.5,4920377,??Unknown??
08-08-2023,MSFT,130.74,131.87,129,130.92,1146868,Missing!
09-08-2023,MSFT,130.93,132.88,130.37,132.42,1187703,??Unknown??
10-08-2023,MSFT,126.19,127.8,125.34,125.47,4937774,??Unknown??
11-08-2023,MSFT,126.91,127.5,125.85,126.81,1913466,Err#404
12-08-2023,MSFT,127.78,129.4,127.01,128.02,3720511,Valid
13-08-2023,MSFT,125.52,126.05,124.91,125.47,3036331,Valid
14-08-2023,MSFT,127.17,128.65,126.33,125.95,2508063,Missing!
15-08-2023,MSFT,123.78,124.6,122.48,122.31,1008102,Valid
16-08-2023,MSFT,123.03,124.58,121.49,,4859509,Valid
17-08-2023,MSFT,128.49,129.46,126.83,129.22,4915130,Valid
18-08-2023,MSFT,129.77,131.58,129.2,128.95,4978182,Missing!
19-08-2023,MSFT,125.13,126.13,123.98,125.6,4187416,Corrupt$
20-08-2023,MSFT,126.3,127.73,125.62,126.39,4845378,Valid
21-08-2023,MSFT,129.42,130.35,128.27,128.44,4599724,<NULL>
22-08-2023,MSFT,128.66,130.53,127.5,127.71,3870268,Valid
23-08-2023,MSFT,126.32,127.99,125.08,126.46,656118,Err#404
24-08-2023,MSFT,126.97,127.84,125.13,127.05,4688579,Err#404
25-08-2023,MSFT,128.36,130.29,126.66,128.85,3014821,<NULL>
26-08-2023,MSFT,129.62,130.66,128.17,129.17,3126186,Valid
27-08-2023,MSFT,127.81,129.29,125.98,126.96,906433,Corrupt$
28-08-2023,MSFT,127.09,128.7,125.57,127.2,2922480,Valid
29-08-2023,MSFT,131.64,132.17,129.91,133.06,4783202,<NULL>
30-08-2023,MSFT,131.58,133.52,130.24,129.71,1328267,Valid
31-08-2023,MSFT,126.34,127.36,125.05,125.54,3392717,Valid
01-09-2023,MSFT,131.54,132.33,129.96,132.13,4858715,N/A
02-09-2023,MSFT,128.89,130.66,128.36,129.1,3326844,Corrupt$
03-09-2023,MSFT,133.29,134.85,131.76,133.9,4084324,??Unknown??
04-09-2023,MSFT,134.1,134.73,132.2,133.67,1740521,<NULL>
05-09-2023,MSFT,134.73,135.41,133.16,133.12,2815124,Valid
06-09-2023,MSFT,135.29,136.86,134.73,136.96,2724392,<NULL>
07-09-2023,MSFT,131.89,132.5,130.83,132.98,2860532,??Unknown??
08-09-2023,MSFT,134.56,136.43,132.84,134.53,3451500,Corrupt$
09-09-2023,MSFT,136.33,137.95,134.4,135.49,1391913,<NULL>
10-09-2023,MSFT,131.73,132.73,130.68,131.24,2725509,Valid
11-09-2023,MSFT,132.57,133.62,130.81,,1825258,??Unknown??
12-09-2023,MSFT,131.37,132.63,129.58,131.12,1124109,<NULL>
13-09-2023,MSFT,132.3,133.34,131.61,132.28,2025245,Missing!
14-09-2023,MSFT,133.77,135.44,132,,3329534,??Unknown??
15-09-2023,MSFT,129.37,131.34,128.39,130.3,853126,Corrupt$
16-09-2023,MSFT,129.23,130.61,127.84,128.06,3041670,Valid
17-09-2023,MSFT,128.73,129.89,127.42,128.8,4165056,N/A
18-09-2023,MSFT,131.41,132.24,129.91,130.89,3012071,Corrupt$
19-09-2023,MSFT,128.88,130.36,127.27,129.18,1330623,N/A
20-09-2023,MSFT,133.54,135.07,132.38,133.47,4943830,Valid
21-09-2023,MSFT,127.14,128.67,125.31,130.11,816256,??Unknown??
22-09-2023,MSFT,125.35,125.89,123.63,125.77,2608551,Missing!
23-09-2023,MSFT,131.72,133.57,130.04,131.58,4706989,Missing!
24-09-2023,MSFT,131.61,132.62,130.42,133.46,4444178,<NULL>
25-09-2023,MSFT,131.23,132.85,130.67,131.43,3260262,Corrupt$
26-09-2023,MSFT,127.36,129,126.12,125.84,4622188,Corrupt$
27-09-2023,MSFT,127.31,128.79,125.46,127.19,943445,Corrupt$
28-09-2023,MSFT,126.65,127.75,125.87,127.27,1107508,Err#404
29-09-2023,MSFT,133.11,134.52,131.13,133.59,1608191,Missing!
30-09-2023,MSFT,128.13,128.69,126.41,129.13,2152810,Missing!
01-10-2023,MSFT,125.77,127.41,124.2,125.92,1146157,Valid
02-10-2023,MSFT,128.48,129.13,126.96,128.56,4620522,Err#404
03-10-2023,MSFT,130.86,131.96,129.48,129.46,4447265,Corrupt$
04-10-2023,MSFT,130.9,131.55,129.32,,3693070,Corrupt$
05-10-2023,MSFT,130.31,132.07,129.18,130.01,2971312,N/A
06-10-2023,MSFT,131.62,132.94,129.85,130.64,3368045,<NULL>
07-10-2023,MSFT,124.77,126.3,123.22,127.39,1731832,Err#404
08-10-2023,MSFT,129.63,131.15,127.97,131.31,4457127,<NULL>
09-10-2023,MSFT,129,130.77,127.32,128.56,1340720,??Unknown??
10-10-2023,MSFT,129.42,130.12,128.78,127.54,624939,<NULL>
11-10-2023,MSFT,128.78,130.27,128.2,128.06,4983070,Missing!
12-10-2023,MSFT,126.07,127.43,124.37,127.65,4215217,Valid
13-10-2023,MSFT,127.37,127.92,126.48,127.55,2541113,??Unknown??
14-10-2023,MSFT,128.45,129.25,127.08,127.1,2089214,??Unknown??
15-10-2023,MSFT,126.78,127.68,125.61,,4520392,Valid
16-10-2023,MSFT,128.13,128.74,127.6,127.92,3807689,Corrupt$
17-10-2023,MSFT,131.22,132.25,130.66,130.57,2311196,Missing!
18-10-2023,MSFT,125.68,126.22,123.93,125.1,636537,N/A
19-10-2023,MSFT,123.71,125.04,122.3,125.02,3466002,Corrupt$
20-10-2023,MSFT,130.62,131.44,129.34,131.17,597739,<NULL>
21-10-2023,MSFT,127.33,128.26,125.42,125.85,4225230,Corrupt$
22-10-2023,MSFT,127.43,129.3,126.67,127.8,2823597,Err#404
23-10-2023,MSFT,120.87,122.12,119.98,120.97,3670064,??Unknown??
24-10-2023,MSFT,120.51,121.41,118.87,120.08,4208640,??Unknown??
25-10-2023,MSFT,128.3,129.7,126.64,127.94,982974,Missing!
26-10-2023,MSFT,124.51,125.31,123.4,123.64,3750109,<NULL>
27-10-2023,MSFT,126.88,127.49,124.95,126.21,1131884,??Unknown??
28-10-2023,MSFT,129.9,130.43,127.99,,1312879,N/A
29-10-2023,MSFT,125.24,127.17,124.73,124.97,4829409,N/A
30-10-2023,MSFT,127.03,128.61,126.27,127.57,3570508,<NULL>
31-10-2023,MSFT,130.26,131.96,128.53,129.47,3725442,N/A
01-11-2023,MSFT,125.05,127.02,124.05,125.76,3772620,Valid
02-11-2023,MSFT,127.02,128.91,126.37,128.33,4897458,<NULL>
03-11-2023,MSFT,123.94,125.55,122.26,123.94,2540012,Missing!
04-11-2023,MSFT,128.01,129.55,126.83,128.53,3535634,N/A
05-11-2023,MSFT,119.75,120.75,118.51,120.31,3361379,Err#404
06-11-2023,MSFT,125.8,126.45,125.02,125.3,643954,Err#404
07-11-2023,MSFT,121.82,123.18,120.33,122.39,1504824,Corrupt$
08-11-2023,MSFT,121.61,122.98,120.29,119.35,4619717,Corrupt$
09-11-2023,MSFT,124.94,126.87,124.13,122.27,1486354,Missing!
10-11-2023,MSFT,120.85,122.01,119.84,120.52,1346302,<NULL>
11-11-2023,MSFT,123.5,125.04,122.11,124.14,715363,Corrupt$
12-11-2023,MSFT,127.65,129.01,125.77,127.57,2792262,Corrupt$
13-11-2023,MSFT,124.64,125.4,122.76,125.38,2522206,Err#404
14-11-2023,MSFT,122.91,124.3,121.98,121.71,1790879,Corrupt$
15-11-2023,MSFT,121.48,122.79,119.88,122.37,1906854,Err#404
16-11-2023,MSFT,121.46,122.7,119.79,,3025817,N/A
17-11-2023,MSFT,118.12,119.39,116.41,117.42,4411353,N/A
18-11-2023,MSFT,125.37,126.12,124.02,126.15,3009007,Missing!
19-11-2023,MSFT,125.42,126.61,124.9,125.44,2562639,Valid
20-11-2023,MSFT,122.97,124.38,121.33,123.41,1229988,Corrupt$
21-11-2023,MSFT,123.46,124.69,122.8,125.09,1620494,N/A
22-11-2023,MSFT,122.72,123.96,122.05,123.05,935926,N/A
23-11-2023,MSFT,126.43,127.04,125.02,127.19,4879427,<NULL>
24-11-2023,MSFT,128.26,129.05,126.29,127,4886015,Missing!
25-11-2023,MSFT,121.28,122.26,120.41,122.01,2600311,??Unknown??
26-11-2023,MSFT,124.21,125.33,122.74,125.82,1357624,??Unknown??
27-11-2023,MSFT,120.6,121.99,119.64,119.67,829132,Missing!
28-11-2023,MSFT,118.86,120.65,117.01,118.54,1296651,Err#404
29-11-2023,MSFT,117.8,118.54,116.41,118.49,3942408,Valid
30-11-2023,MSFT,121.67,122.2,120.86,122.12,625312,<NULL>
01-12-2023,MSFT,121.43,122.6,120.53,120.07,4799198,<NULL>
02-12-2023,MSFT,119.62,120.77,118.48,119.79,4416162,Missing!
03-12-2023,MSFT,122.57,123.89,121.88,122.23,3238558,??Unknown??
04-12-2023,MSFT,123.62,125.37,123,122.65,1183284,Valid
05-12-2023,MSFT,123.85,125.56,122.33,125.21,3567805,N/A
06-12-2023,MSFT,125.56,126.21,124.45,,2055722,Missing!
07-12-2023,MSFT,126.66,128.56,125.07,127.65,3979317,Err#404
08-12-2023,MSFT,121.8,122.47,121.14,120.63,4726158,Valid
09-12-2023,MSFT,122.24,123.69,120.82,122.83,2657948,??Unknown??
10-12-2023,MSFT,119.75,121.26,118.59,120.82,4604066,N/A
11-12-2023,MSFT,121.9,123.42,121.31,,2352119,Missing!
12-12-2023,MSFT,123.97,124.87,122.65,123.47,3718303,<NULL>
13-12-2023,MSFT,122.38,123.37,121.75,121.07,2707532,Corrupt$
14-12-2023,MSFT,125.59,126.91,123.84,124.72,4980547,<NULL>
15-12-2023,MSFT,120.29,121.09,118.84,119.84,3059574,<NULL>
16-12-2023,MSFT,124.1,124.63,122.77,123.13,1274079,N/A
17-12-2023,MSFT,124.45,125.79,123.75,123.68,1973603,??Unknown??
18-12-2023,MSFT,121.94,123.14,121.01,122.1,2572934,Missing!
19-12-2023,MSFT,128.14,129.62,126.9,128.41,2944958,??Unknown??
20-12-2023,MSFT,128.48,129.2,127.03,129.58,4039916,Corrupt$
21-12-2023,MSFT,131.18,132.95,130.41,130.42,893576,<NULL>
22-12-2023,MSFT,134.92,135.64,134.4,,3255144,N/A
23-12-2023,MSFT,133.23,135.07,132.21,132.81,4599190,Valid
24-12-2023,MSFT,130.24,131.41,129.01,129.75,580882,Valid
25-12-2023,MSFT,128.74,130.07,127.97,128.43,3199096,N/A
26-12-2023,MSFT,125.64,127.49,124.4,125.45,3020651,Valid
27-12-2023,MSFT,124.65,125.6,123.64,124.9,3260330,<NULL>
28-12-2023,MSFT,124.77,125.55,123.59,124.44,2012447,Missing!
29-12-2023,MSFT,124.87,126.04,123.85,126.1,3676307,N/A
30-12-2023,MSFT,126.46,127.33,125.02,124.76,2128042,N/A
31-12-2023,MSFT,131.71,133.01,131.15,132.77,2063455,??Unknown??
01-01-2023,TSLA,256.25,257.32,255.05,255.83,2657858,Err#404
02-01-2023,TSLA,253.82,255.53,253.08,253.47,2738195,??Unknown??
03-01-2023,TSLA,253.75,255.23,252.95,253.84,2780246,Valid
04-01-2023,TSLA,252.51,253.66,250.67,253.92,748670,Err#404
05-01-2023,TSLA,255.11,256.59,253.24,255.13,1548482,N/A
06-01-2023,TSLA,257.02,257.6,255.61,255.32,4563025,Valid
07-01-2023,TSLA,255.62,256.39,253.97,255.99,3202348,Corrupt$
08-01-2023,TSLA,254.44,255.88,252.83,253.75,2525496,Valid
09-01-2023,TSLA,252.67,254.13,251.18,253.54,4380058,Err#404
10-01-2023,TSLA,254.57,256.23,252.83,255.27,4510112,Err#404
11-01-2023,TSLA,248.7,249.81,247.18,250.18,3992656,N/A
12-01-2023,TSLA,252.02,253.61,250.72,252.93,1969986,Missing!
13-01-2023,TSLA,251.34,252.87,250.48,252.43,664857,Corrupt$
14-01-2023,TSLA,255.11,257.05,253.49,254.44,1542867,N/A
15-01-2023,TSLA,252.54,253.36,251.33,253.34,2758507,Corrupt$
16-01-2023,TSLA,252.19,253.52,251.25,254.16,2784135,Corrupt$
17-01-2023,TSLA,251.23,252.64,249.53,250.54,3409998,N/A
18-01-2023,TSLA,252.81,254.8,251.26,254.61,1403571,<NULL>
19-01-2023,TSLA,252.36,253.16,250.45,251.81,1684348,Valid
20-01-2023,TSLA,250.83,252.12,250.09,249.98,3790701,??Unknown??
21-01-2023,TSLA,249.55,250.57,248.07,249.84,1901094,Corrupt$
22-01-2023,TSLA,253.61,254.9,252.74,254.33,1964389,<NULL>
23-01-2023,TSLA,248.66,249.5,246.8,249.57,2057795,Err#404
24-01-2023,TSLA,252.59,253.16,251.94,,3288199,N/A
25-01-2023,TSLA,253.83,255.19,252.35,254.27,4679939,Missing!
26-01-2023,TSLA,251.29,252.29,249.6,250.6,793996,<NULL>
27-01-2023,TSLA,258.8,259.57,257.77,257.31,1374977,Valid
28-01-2023,TSLA,249.19,250.17,247.26,248.26,4465743,<NULL>
29-01-2023,TSLA,251.41,251.98,249.63,250.66,1799113,Corrupt$
30-01-2023,TSLA,250.98,252.91,250.04,251.5,3824078,Missing!
31-01-2023,TSLA,250.02,251.39,249.51,251.17,792009,<NULL>
01-02-2023,TSLA,253.67,255.39,252.72,252.19,1691937,Valid
02-02-2023,TSLA,248.68,249.82,247.76,249.04,2035621,<NULL>
03-02-2023,TSLA,252.96,254.82,251.13,251.79,1356702,N/A
04-02-2023,TSLA,252.87,254.09,250.92,253.5,2472585,Missing!
05-02-2023,TSLA,257.35,258.71,256.75,256.73,4300784,Err#404
06-02-2023,TSLA,258.99,260.23,257.79,257.94,4807513,Corrupt$
07-02-2023,TSLA,258.46,260.06,257.14,259.26,1855253,Corrupt$
08-02-2023,TSLA,254.25,255.6,253.61,253.66,1972267,Missing!
09-02-2023,TSLA,254.5,255.41,253.43,254.18,2088191,Valid
10-02-2023,TSLA,257.43,258.15,256.46,255.21,709074,N/A
11-02-2023,TSLA,260.35,261.76,259.04,261.29,676031,<NULL>
12-02-2023,TSLA,254.38,255.61,252.88,255.2,4109068,<NULL>
13-02-2023,TSLA,252.64,253.28,251.08,252.64,4329168,??Unknown??
14-02-2023,TSLA,255.7,256.79,255,254.17,3408128,Corrupt$
15-02-2023,TSLA,257.94,259.21,256.22,,2149211,<NULL>
16-02-2023,TSLA,256.94,258.68,255.42,256.27,4713037,Err#404
17-02-2023,TSLA,253,253.61,251.16,252.54,4603928,Corrupt$
18-02-2023,TSLA,256.07,257.09,254.89,258.38,4537584,Corrupt$
19-02-2023,TSLA,249.44,251.18,247.6,248.74,2781740,??Unknown??
20-02-2023,TSLA,255.71,257.18,253.91,256.45,4731791,??Unknown??
21-02-2023,TSLA,256.47,257.4,255.31,257.03,4028803,N/A
22-02-2023,TSLA,253.04,254.8,251.96,253.43,4735153,<NULL>
23-02-2023,TSLA,253.86,255.1,251.96,254.14,3004918,<NULL>
24-02-2023,TSLA,252.59,253.84,251.02,252.97,4647829,Corrupt$
25-02-2023,TSLA,260.23,262.2,258.34,260.5,3433283,Corrupt$
26-02-2023,TSLA,254.86,256.78,253.17,254.81,4117104,Valid
27-02-2023,TSLA,259.47,260.51,258.05,260.98,4369985,Valid
28-02-2023,TSLA,257.16,257.87,256.49,255.85,1955499,<NULL>
01-03-2023,TSLA,261.21,262.2,260.27,262.23,4565156,Missing!
02-03-2023,TSLA,260.18,260.73,258.23,261,791162,Missing!
03-03-2023,TSLA,258.01,258.55,257.04,258.71,1307463,Err#404
04-03-2023,TSLA,262.29,263.38,261.65,263.4,4537145,<NULL>
05-03-2023,TSLA,262.77,264.68,261.21,262.67,4413567,<NULL>
06-03-2023,TSLA,260,261.81,258.4,,2089583,<NULL>
07-03-2023,TSLA,259.99,261.25,259.06,259.91,4441878,Err#404
08-03-2023,TSLA,256.7,258.04,255.75,255.71,4694360,Valid
09-03-2023,TSLA,256.7,257.21,255.49,255.97,1170712,Missing!
10-03-2023,TSLA,261.92,262.74,261.38,260.67,4553903,<NULL>
11-03-2023,TSLA,261.78,262.32,260.1,261.3,2382828,Err#404
12-03-2023,TSLA,260.1,261.74,259.13,259.51,3976555,Corrupt$
13-03-2023,TSLA,259.86,260.58,258.08,257.48,2292284,Missing!
14-03-2023,TSLA,260.79,262.59,259.09,261.49,3625229,??Unknown??
15-03-2023,TSLA,258.34,259.8,256.84,260.56,3642581,Missing!
16-03-2023,TSLA,261.79,262.63,260.8,,1201916,Corrupt$
17-03-2023,TSLA,262.72,263.45,261.44,262.51,3361895,Valid
18-03-2023,TSLA,262.45,263.89,261.29,262.4,4078827,N/A
19-03-2023,TSLA,256.15,258,255.14,255.73,3525567,N/A
20-03-2023,TSLA,258.9,260.48,257.13,258.99,2269731,Valid
21-03-2023,TSLA,262.04,263.06,260.81,262,1753975,Corrupt$
22-03-2023,TSLA,263.78,265.17,262.04,262.94,2584023,Err#404
23-03-2023,TSLA,263.1,264.07,262.44,264.78,1148207,Missing!
24-03-2023,TSLA,263.14,265.14,262.43,261.65,1896688,Missing!
25-03-2023,TSLA,262.84,264.47,260.88,,1502581,Err#404
26-03-2023,TSLA,261.63,263.05,260.25,261.53,2182118,N/A
27-03-2023,TSLA,260.53,261.67,259.27,262.43,2071849,<NULL>
28-03-2023,TSLA,260.18,261.61,258.9,260.52,4580092,<NULL>
29-03-2023,TSLA,260.55,261.56,259.72,260.19,1488323,Valid
30-03-2023,TSLA,260.53,261.08,258.96,260.29,3021111,<NULL>
31-03-2023,TSLA,263.04,264.14,262.42,263.08,2508639,Valid
01-04-2023,TSLA,271.14,273.04,269.78,270,2828887,<NULL>
02-04-2023,TSLA,264,265.43,262.64,263.23,3718669,??Unknown??
03-04-2023,TSLA,262.86,263.48,260.99,261.07,3611373,N/A
04-04-2023,TSLA,266.38,268.21,265.09,265.46,4391032,Valid
05-04-2023,TSLA,264.55,265.45,263.84,264.64,2614797,??Unknown??
06-04-2023,TSLA,264.77,265.63,263.41,265.07,1661237,Err#404
07-04-2023,TSLA,269.48,270.42,268.84,267.5,4110803,N/A
08-04-2023,TSLA,268.73,270.09,267.92,268.59,1882193,N/A
09-04-2023,TSLA,266.13,267.45,265.58,266.69,2234367,Valid
10-04-2023,TSLA,266.71,267.95,265.44,266.55,3511289,Valid
11-04-2023,TSLA,267.31,268.89,266.69,266.68,1566458,Corrupt$
12-04-2023,TSLA,266.6,267.58,265.4,266.19,4903915,<NULL>
13-04-2023,TSLA,265.15,266.82,263.25,264.6,3867442,Err#404
14-04-2023,TSLA,262.31,263.07,260.73,261.68,1649089,Err#404
15-04-2023,TSLA,265.28,266.95,264.66,265.45,4900212,Missing!
16-04-2023,TSLA,263.55,265.05,262.72,265.86,2717506,??Unknown??
17-04-2023,TSLA,272.02,273.55,270.51,271.28,606500,??Unknown??
18-04-2023,TSLA,263.49,264.71,261.65,263.17,4505963,Corrupt$
19-04-2023,TSLA,267.73,269.23,267.18,267.68,4995366,Missing!
20-04-2023,TSLA,267.18,267.8,265.46,266.49,2477000,Err#404
21-04-2023,TSLA,266.49,268.26,265.14,267.59,745377,<NULL>
22-04-2023,TSLA,263.96,264.54,262.64,261.58,755333,<NULL>
23-04-2023,TSLA,265.74,266.46,263.8,265.21,2491258,<NULL>
24-04-2023,TSLA,270.59,271.96,268.97,271.41,2434498,<NULL>
25-04-2023,TSLA,268.66,270.27,266.89,268.37,2444776,??Unknown??
26-04-2023,TSLA,267.34,267.96,266.31,266.52,4446212,Err#404
27-04-2023,TSLA,262.22,264.1,260.89,262.66,1335815,<NULL>
28-04-2023,TSLA,267.38,269.34,265.96,268.28,1417831,Err#404
29-04-2023,TSLA,268.16,269.57,267.18,268.37,2423309,Missing!
30-04-2023,TSLA,268.19,269.41,266.83,267.39,4240791,??Unknown??
01-05-2023,TSLA,269.53,271.14,268.67,269.98,3368149,Valid
02-05-2023,TSLA,266.77,267.77,266.06,266.37,4769918,Valid
03-05-2023,TSLA,267.4,268.64,266.34,268.14,2867344,Missing!
04-05-2023,TSLA,269.31,271.19,267.71,270.8,4925977,??Unknown??
05-05-2023,TSLA,266.7,268.63,264.83,264.09,1807983,Corrupt$
06-05-2023,TSLA,268.38,270.27,267.19,268.49,4893691,N/A
07-05-2023,TSLA,270.53,271.43,269.07,268.8,874154,Missing!
08-05-2023,TSLA,266.46,267.31,265.8,268.9,3528187,Err#404
09-05-2023,TSLA,269.25,270.2,267.4,268.78,4441690,Missing!
10-05-2023,TSLA,264.65,265.81,263.29,265.39,4622267,N/A
11-05-2023,TSLA,269.75,270.72,268.08,269.72,3374726,Missing!
12-05-2023,TSLA,271.1,272.16,269.41,270.3,2205585,??Unknown??
13-05-2023,TSLA,270.97,272.4,270.08,270.04,2010190,Err#404
14-05-2023,TSLA,268.25,269.9,266.96,269.84,590721,N/A
15-05-2023,TSLA,270.34,271.94,268.4,271.29,527134,<NULL>
16-05-2023,TSLA,268.61,270.34,267.98,,2478524,Valid
17-05-2023,TSLA,269.86,270.4,268.33,269.91,4866497,Corrupt$
18-05-2023,TSLA,267.72,268.29,265.78,268.01,2814281,Missing!
19-05-2023,TSLA,267.99,269.67,267.04,267.72,4947411,Missing!
20-05-2023,TSLA,269.14,270.44,267.35,268.85,2111081,N/A
21-05-2023,TSLA,272.84,274.21,270.94,271.8,915282,Corrupt$
22-05-2023,TSLA,273.93,274.51,272.31,274.02,2071829,Missing!
23-05-2023,TSLA,273.58,274.46,272.73,272.79,4206205,Valid
24-05-2023,TSLA,270.1,271.56,269.1,270.54,1743125,N/A
25-05-2023,TSLA,269.04,270.82,268.48,269.21,666561,??Unknown??
26-05-2023,TSLA,273.29,275.16,271.54,273.58,4459444,Err#404
27-05-2023,TSLA,270.22,271.47,268.45,271.9,1830357,Valid
28-05-2023,TSLA,270.64,271.96,269.2,270.61,2395413,Corrupt$
29-05-2023,TSLA,269.63,271.38,268.6,270.39,4493465,Corrupt$
30-05-2023,TSLA,270.68,271.98,270.06,272.73,2368564,Valid
31-05-2023,TSLA,273.47,274.74,271.84,274.77,700633,<NULL>
01-06-2023,TSLA,269.92,271.78,268.33,271.08,3218452,??Unknown??
02-06-2023,TSLA,269.53,271.22,267.66,269.23,4697958,Missing!
03-06-2023,TSLA,268.81,270.68,267.22,269.04,4150828,??Unknown??
04-06-2023,TSLA,271.27,272.1,269.53,269.95,2375436,Missing!
05-06-2023,TSLA,269.26,270.55,267.64,269.76,4299830,Missing!
06-06-2023,TSLA,271.23,273,269.79,271.51,2504116,Corrupt$
07-06-2023,TSLA,274.14,274.8,273,274.16,4345637,Missing!
08-06-2023,TSLA,276.22,277.91,274.37,277.25,1381811,Valid
09-06-2023,TSLA,273.15,273.93,271.68,271.95,565355,<NULL>
10-06-2023,TSLA,270.61,272.32,269.51,272.24,1217479,Missing!
11-06-2023,TSLA,268.99,270.41,268.37,269.89,1594833,Valid
12-06-2023,TSLA,274.52,275.31,273.58,274.45,1137723,Err#404
13-06-2023,TSLA,272.16,273.37,270.84,272.01,1661271,Corrupt$
14-06-2023,TSLA,270.87,272.39,269.95,271.35,4486638,??Unknown??
15-06-2023,TSLA,269.74,271.19,268.91,271.26,2081602,N/A
16-06-2023,TSLA,269.38,270.52,268.09,269.48,1359856,??Unknown??
17-06-2023,TSLA,268.88,270.73,268.13,269.03,2967696,??Unknown??
18-06-2023,TSLA,269.13,270.41,267.43,269.15,767618,<NULL>
19-06-2023,TSLA,268.1,269.36,266.87,269.88,2656178,N/A
20-06-2023,TSLA,272.16,272.75,270.8,271.79,566024,<NULL>
21-06-2023,TSLA,268,269.88,267.28,267.97,3696702,Corrupt$
22-06-2023,TSLA,272.14,272.91,271.16,273.61,2864918,Missing!
23-06-2023,TSLA,271.6,272.89,270.48,271.74,859510,Err#404
24-06-2023,TSLA,272.12,273.82,270.4,273.25,3354590,??Unknown??
25-06-2023,TSLA,274.08,274.9,272.42,273.17,4733518,<NULL>
26-06-2023,TSLA,271.24,272.53,270.4,271.03,1273500,Missing!
27-06-2023,TSLA,272.66,273.52,271.24,274.15,4883369,??Unknown??
28-06-2023,TSLA,273.16,274.8,272.3,272.48,1481153,Corrupt$
29-06-2023,TSLA,271.69,273.04,269.71,271.54,4737330,Corrupt$
30-06-2023,TSLA,271.12,272.9,269.19,271.38,589037,Valid
01-07-2023,TSLA,276.52,278.36,275.17,275.53,4098151,Corrupt$
02-07-2023,TSLA,275.3,276.78,273.75,274.89,1446584,Corrupt$
03-07-2023,TSLA,270.9,272.49,269.2,271.01,3465725,??Unknown??
04-07-2023,TSLA,267.6,268.93,266.02,267.65,1039972,Err#404
05-07-2023,TSLA,266.88,267.96,265.33,268.16,892848,<NULL>
06-07-2023,TSLA,266.87,268.34,264.93,268.41,3537628,??Unknown??
07-07-2023,TSLA,265.65,267.51,264.25,264.79,959369,<NULL>
08-07-2023,TSLA,266.1,267.23,264.65,266.22,4085348,Missing!
09-07-2023,TSLA,265.11,266.08,263.34,265.79,2042666,<NULL>
10-07-2023,TSLA,265.02,266.1,263.52,266.54,3653554,Corrupt$
11-07-2023,TSLA,265.51,266.66,263.91,266.23,643206,Valid
12-07-2023,TSLA,268.65,269.26,267.8,268.94,3767568,Err#404
13-07-2023,TSLA,267.39,268.64,266.33,268.05,4305142,Valid
14-07-2023,TSLA,267.73,268.97,267.01,268.4,4166956,N/A
15-07-2023,TSLA,268.98,270.36,267.72,,2220026,Valid
16-07-2023,TSLA,264.94,265.98,263.75,265.13,1826289,Valid
17-07-2023,TSLA,268.38,269.8,266.39,269.84,1434112,Missing!
18-07-2023,TSLA,266.55,268.36,265.13,266.34,3734787,Corrupt$
19-07-2023,TSLA,263.31,265.24,261.63,263.44,1134936,Missing!
20-07-2023,TSLA,261.59,262.96,260.59,261.34,2621672,Corrupt$
21-07-2023,TSLA,267.21,267.77,265.46,264.89,4714038,Missing!
22-07-2023,TSLA,266.51,268.47,265.09,,2404371,Corrupt$
23-07-2023,TSLA,263.03,264.58,261.48,263.33,3434139,<NULL>
24-07-2023,TSLA,266.1,267.1,265.16,265.58,749972,Corrupt$
25-07-2023,TSLA,268.85,269.57,267.53,267.69,2351265,Corrupt$
26-07-2023,TSLA,269.28,270,267.83,268.4,1776502,Valid
27-07-2023,TSLA,268.12,268.87,266.73,268.88,1420363,N/A
28-07-2023,TSLA,266.08,266.65,264.21,268.06,3947712,Corrupt$
29-07-2023,TSLA,263.31,265.16,261.46,264.69,613827,N/A
30-07-2023,TSLA,266.49,267.8,264.53,265.14,3222712,N/A
31-07-2023,TSLA,270.2,271.75,268.7,271.05,1065992,??Unknown??
01-08-2023,TSLA,268.69,270.43,266.73,,4105081,??Unknown??
02-08-2023,TSLA,265.57,267.26,263.83,,1346811,Err#404
03-08-2023,TSLA,270.6,272.42,269.69,270.13,1179678,<NULL>
04-08-2023,TSLA,267.7,269.65,266.56,268.41,1922281,Missing!
05-08-2023,TSLA,273.5,274.66,272.64,274.46,3388858,??Unknown??
06-08-2023,TSLA,273.95,275.87,273.44,273.85,3532882,Corrupt$
07-08-2023,TSLA,268.55,270.14,267.77,268.47,3034002,N/A
08-08-2023,TSLA,275.64,276.25,275.13,276.1,2431470,Missing!
09-08-2023,TSLA,269.28,270.8,267.7,269.85,1266032,Err#404
10-08-2023,TSLA,274.92,276.45,273.78,276.09,618724,??Unknown??
11-08-2023,TSLA,268.28,270.14,267.31,267,4385647,Valid
12-08-2023,TSLA,269.26,270.32,267.62,269.28,3628422,<NULL>
13-08-2023,TSLA,268.23,269.6,266.48,267.16,2477583,Missing!
14-08-2023,TSLA,272.79,273.31,270.83,272.74,2645544,Err#404
15-08-2023,TSLA,270.93,271.93,269.47,270.7,3644753,Corrupt$
16-08-2023,TSLA,269.65,270.25,268.46,269.61,807479,Missing!
17-08-2023,TSLA,276.08,277.36,275.12,275.28,4716791,N/A
18-08-2023,TSLA,269.83,271.56,269,268.35,4206609,Corrupt$
19-08-2023,TSLA,272.33,273.14,271.51,270.24,1624503,Corrupt$
20-08-2023,TSLA,272.7,273.99,271.58,272.57,3917746,Missing!
21-08-2023,TSLA,274.99,275.79,273,274.56,3699676,Valid
22-08-2023,TSLA,268.34,269.02,267.84,267.66,1653758,Valid
23-08-2023,TSLA,274.2,275.47,273.41,275.53,1778970,Missing!
24-08-2023,TSLA,270.18,270.8,269.4,269.32,4093445,Missing!
25-08-2023,TSLA,274.34,275.72,272.76,275.76,1471416,Missing!
26-08-2023,TSLA,271.2,271.74,270.17,272.82,3148986,<NULL>
27-08-2023,TSLA,279.99,280.65,278.8,278.03,2451007,<NULL>
28-08-2023,TSLA,273.96,275.28,273.24,,2697956,N/A
29-08-2023,TSLA,272.1,273.49,271,271.7,1050008,??Unknown??
30-08-2023,TSLA,274.23,274.78,273.58,271.32,1979394,Corrupt$
31-08-2023,TSLA,272.86,274.22,271.56,271.41,3712810,Missing!
01-09-2023,TSLA,275.38,277.14,274.73,276.16,515050,<NULL>
02-09-2023,TSLA,271.49,273.07,269.8,273.51,1924073,??Unknown??
03-09-2023,TSLA,273.39,274.08,272.04,274.29,3774198,N/A
04-09-2023,TSLA,274.04,275.43,272.46,274.37,3792440,Corrupt$
05-09-2023,TSLA,271.46,272.97,270.33,271.44,4649596,??Unknown??
06-09-2023,TSLA,273.62,274.18,272.55,275.3,514284,Corrupt$
07-09-2023,TSLA,275.62,277.4,274.97,277.76,3181966,Valid
08-09-2023,TSLA,273.11,274.97,271.83,272.53,1945215,Missing!
09-09-2023,TSLA,274.09,275.87,272.82,272.09,1928967,Valid
10-09-2023,TSLA,274.69,276.42,273.48,272.59,821044,Err#404
11-09-2023,TSLA,270.37,271.99,268.76,271.7,2419614,N/A
12-09-2023,TSLA,277.57,279.02,275.82,277.53,2865362,Missing!
13-09-2023,TSLA,279.98,281.5,278.35,280.16,3048256,??Unknown??
14-09-2023,TSLA,283.13,284.84,282.41,281.33,3654311,Corrupt$
15-09-2023,TSLA,274.13,275.63,272.7,273.38,3945929,<NULL>
16-09-2023,TSLA,282.43,283.42,281.81,282.14,1702252,Err#404
17-09-2023,TSLA,277.8,278.86,276.26,278.01,2161257,N/A
18-09-2023,TSLA,279.15,280.99,278.08,278.75,2521591,N/A
19-09-2023,TSLA,281.43,281.96,280.74,,2897258,N/A
20-09-2023,TSLA,280.74,282.29,278.95,279.96,2766797,??Unknown??
21-09-2023,TSLA,282.97,284.9,281.55,284.18,4674333,Missing!
22-09-2023,TSLA,280.99,282.55,279.96,281.24,3203855,Valid
23-09-2023,TSLA,276.12,278.11,275.57,276.73,4861139,Err#404
24-09-2023,TSLA,278.92,280.45,277.61,278.02,1143300,??Unknown??
25-09-2023,TSLA,278.09,278.64,276.2,275.13,2210329,Corrupt$
26-09-2023,TSLA,279.15,280.89,277.76,278.63,3765926,??Unknown??
27-09-2023,TSLA,276.2,277.13,274.24,275.34,3154928,Corrupt$
28-09-2023,TSLA,279.09,280.26,278.38,279.44,3273971,Corrupt$
29-09-2023,TSLA,277.55,278.52,276.2,280.83,905770,N/A
30-09-2023,TSLA,280.12,281.02,278.42,280.82,709176,??Unknown??
01-10-2023,TSLA,277.08,278.22,275.79,279.81,2248951,Valid
02-10-2023,TSLA,275.81,276.87,275.17,276.37,1815777,Corrupt$
03-10-2023,TSLA,280.9,282.35,279.52,280.27,2155890,<NULL>
04-10-2023,TSLA,276.69,278.41,275.28,277.04,823420,N/A
05-10-2023,TSLA,276.79,277.73,275.19,278.57,2490198,Valid
06-10-2023,TSLA,276.33,277.15,274.69,278.16,1424178,??Unknown??
07-10-2023,TSLA,274.77,276.27,273.11,274.19,673403,Valid
08-10-2023,TSLA,276.71,278.22,275.22,276.97,4840692,??Unknown??
09-10-2023,TSLA,276.7,278.55,275.87,275.27,1171577,Corrupt$
10-10-2023,TSLA,274.03,274.56,272.93,274.86,2533621,Err#404
11-10-2023,TSLA,272.92,274.7,271.26,274.47,1562563,Err#404
12-10-2023,TSLA,272.08,273.36,270.15,272.12,4219931,Missing!
13-10-2023,TSLA,270.18,271.61,269.56,269.52,4017290,Missing!
14-10-2023,TSLA,272.54,273.17,271.23,272.9,4732763,Corrupt$
15-10-2023,TSLA,273.2,274.35,272.23,273.62,3816627,Valid
16-10-2023,TSLA,277.04,277.88,276.2,277.12,2273951,??Unknown??
17-10-2023,TSLA,273.37,274.25,272.11,273.55,2198941,Err#404
18-10-2023,TSLA,279.45,280.71,278.04,279.28,2011526,??Unknown??
19-10-2023,TSLA,276.07,277.79,275.56,,1274071,Corrupt$
20-10-2023,TSLA,273.17,274.78,271.5,273.9,3496956,Valid
21-10-2023,TSLA,274.44,275.82,272.71,273.46,1093465,<NULL>
22-10-2023,TSLA,278.08,279.38,276.13,277.07,3649271,??Unknown??
23-10-2023,TSLA,277.98,279.12,277.21,277.72,1531232,Valid
24-10-2023,TSLA,272.34,274.3,270.95,273.08,3886937,<NULL>
25-10-2023,TSLA,279.49,280.83,278.35,279.64,2888351,Err#404
26-10-2023,TSLA,275.49,276.37,274.49,274.85,3963357,??Unknown??
27-10-2023,TSLA,274.52,275.37,273.17,274.78,1157767,N/A
28-10-2023,TSLA,277.06,278.48,275.39,276.73,4332682,Err#404
29-10-2023,TSLA,276.39,277.67,275.85,277.27,3853461,Valid
30-10-2023,TSLA,274.94,275.45,272.98,275.27,4912406,Corrupt$
31-10-2023,TSLA,278.71,280.45,276.99,278.39,1735092,N/A
01-11-2023,TSLA,277.76,279.32,276.13,277.99,4555831,Missing!
02-11-2023,TSLA,277.93,279.42,276.28,279.24,4913359,??Unknown??
03-11-2023,TSLA,278.01,278.62,276.93,277.44,2230174,Missing!
04-11-2023,TSLA,274.84,275.89,273.21,275.24,4798931,Err#404
05-11-2023,TSLA,274.65,276.55,273.57,274.58,1714844,??Unknown??
06-11-2023,TSLA,276.15,277.94,274.3,276.57,2281157,??Unknown??
07-11-2023,TSLA,276.02,276.94,275.25,275.36,2347746,N/A
08-11-2023,TSLA,276.4,277.13,275.46,276.51,3235623,N/A
09-11-2023,TSLA,277.51,278.69,276.18,278.62,3973142,N/A
10-11-2023,TSLA,280.64,281.67,279.66,279.7,4586724,N/A
11-11-2023,TSLA,276.39,277.91,275.25,,1533546,Corrupt$
12-11-2023,TSLA,277.51,279.46,276.27,276.22,3438563,Valid
13-11-2023,TSLA,279.69,280.73,277.9,278.52,681410,N/A
14-11-2023,TSLA,277.35,277.95,276.07,277.95,3898397,Err#404
15-11-2023,TSLA,279.51,281.36,278.47,278.11,4691115,??Unknown??
16-11-2023,TSLA,279.22,279.78,278.35,,3845167,Missing!
17-11-2023,TSLA,282.5,284.43,281.39,283.12,4909044,N/A
18-11-2023,TSLA,283.94,285.43,282.66,284.35,4013728,Err#404
19-11-2023,TSLA,285.01,286.93,283.39,284.63,3569180,Corrupt$
20-11-2023,TSLA,282.08,282.88,281.4,282.27,4650926,Err#404
21-11-2023,TSLA,279.65,280.21,278.82,279.76,3667475,Missing!
22-11-2023,TSLA,283.83,285.06,282.76,283.61,2235496,Missing!
23-11-2023,TSLA,284.68,285.86,283.64,284.47,1611649,Err#404
24-11-2023,TSLA,285.4,286.39,284.31,287.63,742720,Corrupt$
25-11-2023,TSLA,281.56,283.49,279.87,282.37,4453089,Missing!
26-11-2023,TSLA,282.29,284.02,281.3,284.77,829649,Corrupt$
27-11-2023,TSLA,288.59,290.08,287.34,288.09,4706459,??Unknown??
28-11-2023,TSLA,282.62,283.36,281.18,282.53,3526526,N/A
29-11-2023,TSLA,283.94,285.54,283.09,282.6,877150,Missing!
30-11-2023,TSLA,288.08,289.67,286.5,287.27,4526088,Err#404
01-12-2023,TSLA,283.43,284.57,282.11,285.33,2661594,Valid
02-12-2023,TSLA,283.96,285.85,282.79,283.44,3025076,Valid
03-12-2023,TSLA,283.48,284.23,281.76,285.4,1527236,<NULL>
04-12-2023,TSLA,279.37,280.27,278.51,278.13,2228207,??Unknown??
05-12-2023,TSLA,280.71,281.3,278.88,279.65,2791796,Valid
06-12-2023,TSLA,279.78,281.47,278.43,279.43,4162391,??Unknown??
07-12-2023,TSLA,282.58,284.02,281.17,282.52,1082275,N/A
08-12-2023,TSLA,285,285.97,283.19,285.92,1204990,<NULL>
09-12-2023,TSLA,280.69,281.43,278.96,281.14,1261632,??Unknown??
10-12-2023,TSLA,279.54,280.1,278.14,279.12,1990852,Corrupt$
11-12-2023,TSLA,277.82,278.57,276.19,277.69,3365559,Corrupt$
12-12-2023,TSLA,278.8,279.98,277.65,278.48,2903752,<NULL>
13-12-2023,TSLA,280.6,281.47,279.28,279.68,1716028,Corrupt$
14-12-2023,TSLA,276.27,277.16,275.68,275.39,1668826,Missing!
15-12-2023,TSLA,275.72,277.53,275.08,276.74,1001554,Corrupt$
16-12-2023,TSLA,279.19,280.47,277.45,277.36,1298001,Corrupt$
17-12-2023,TSLA,280.5,282.09,279.91,282.11,3545838,Corrupt$
18-12-2023,TSLA,277.22,277.78,276.47,276.88,3593307,Corrupt$
19-12-2023,TSLA,275.31,276.36,273.62,274.54,652721,Missing!
20-12-2023,TSLA,285.08,286.3,284.58,285.82,1382564,Corrupt$
21-12-2023,TSLA,278.7,279.48,277.78,280.19,2697649,Corrupt$
22-12-2023,TSLA,276.81,277.49,275.43,277.93,4055495,N/A
23-12-2023,TSLA,280.33,282.13,278.93,280.83,2711584,Missing!
24-12-2023,TSLA,279.75,281.66,278.08,280.83,1993488,Corrupt$
25-12-2023,TSLA,280.24,280.86,278.98,278.52,1421372,??Unknown??
26-12-2023,TSLA,276.98,278.01,275.72,,3687002,<NULL>
27-12-2023,TSLA,276.69,278.63,275.11,275.78,4071297,N/A
28-12-2023,TSLA,274.55,275.18,273.31,275.78,3676381,Missing!
29-12-2023,TSLA,269.38,270.84,267.97,269,1806159,Valid
30-12-2023,TSLA,275.71,277.67,273.87,276.56,1105978,Err#404
31-12-2023,TSLA,271.5,273.47,270.4,272.04,862757,Missing!
